{"type": "FeatureCollection", "numberMatched": 114, "numberReturned": 114, "features": [{"type": "Feature", "id": "invekos_schlaege_2025_1_polygon.24796", "geometry": {"type": "Polygon", "coordinates": [[[15.50810819, 48.38879361], [15.50843358, 48.38861802], [15.50848413, 48.3886187], [15.50865814, 48.38884383], [15.50868754, 48.38888126], [15.5087316, 48.38899103], [15.50873802, 48.38907001], [15.50872634, 48.38920025], [15.50866877, 48.38928042], [15.50850811, 48.38936044], [15.50843286, 48.38938614], [15.50841253, 48.38937491], [15.50836558, 48.3893604], [15.50843434, 48.38928299], [15.50850705, 48.3891741], [15.50850514, 48.38913527], [15.50845598, 48.38904557], [15.50810819, 48.38879361]]]}, "geometry_name": "geom", "properties": {"fs_kennung": 115228936.0, "snar_bezeichnung": "WEIN", "sl_flaeche_brutto_ha": 0.18642128, "inspire_id": "https://data.inspire.gv.at/0095/b2bd27c3-ccd9-4e5a-98ce-28deab1266f5/elu.ExistingLandUseObject/107388153/MFA-2025", "gml_id": "AT.0095.b2bd27c3-ccd9-4e5a-98ce-28deab1266f5.elu.ExistingLandUseObject.107388153.MFA-2025", "gml_identifier": "https://data.inspire.gv.at/0095/b2bd27c3-ccd9-4e5a-98ce-28deab1266f5/elu.ExistingLandUseObject/107388153/MFA-2025", "snar_code": "901", "geo_part_key": 18, "log_pkey": 3, "geom_date_created": "2022-10-01T21:04:57+02:00", "geo_type": "POLYGON", "gml_geom": "[B@1d992a08", "gml_length": null, "kz_bio_oepul_jn": null, "fart_id": 1856, "geo_id": 107388153}, "bbox": [15.50810819, 48.38861802, 15.50873802, 48.38938614]}, {"type": "Feature", "id": "invekos_schlaege_2025_1_polygon.93567", "geometry": {"type": "Polygon", "coordinates": [[[15.51369831, 48.39020238], [15.51372836, 48.39016843], [15.51400044, 48.38999454], [15.51479062, 48.39023381], [15.51512742, 48.39034234], [15.5150195, 48.3905003], [15.51495531, 48.3905833], [15.51432798, 48.39039012], [15.51369831, 48.39020238]]]}, "geometry_name": "geom", "properties": {"fs_kennung": 115602732.0, "snar_bezeichnung": "WEIN", "sl_flaeche_brutto_ha": 0.29397835, "inspire_id": "https://data.inspire.gv.at/0095/b2bd27c3-ccd9-4e5a-98ce-28deab1266f5/elu.ExistingLandUseObject/107375240/MFA-2025", "gml_id": "AT.0095.b2bd27c3-ccd9-4e5a-98ce-28deab1266f5.elu.ExistingLandUseObject.107375240.MFA-2025", "gml_identifier": "https://data.inspire.gv.at/0095/b2bd27c3-ccd9-4e5a-98ce-28deab1266f5/elu.ExistingLandUseObject/107375240/MFA-2025", "snar_code": "901", "geo_part_key": 18, "log_pkey": 3, "geom_date_created": "2022-10-01T20:52:52+02:00", "geo_type": "POLYGON", "gml_geom": "[B@6cad4d13", "gml_length": null, "kz_bio_oepul_jn": null, "fart_id": 1856, "geo_id": 107375240}, "bbox": [15.51369831, 48.38999454, 15.51512742, 48.3905833]}, {"type": "Feature", "id": "invekos_schlaege_2025_1_polygon.93621", "geometry": {"type": "Polygon", "coordinates": [[[15.51461494, 48.38737999], [15.51508396, 48.38775771], [15.51512794, 48.38774006], [15.51561213, 48.38813433], [15.51568488, 48.38821602], [15.51565885, 48.38821714], [15.51519885, 48.3882368], [15.51491866, 48.38800619], [15.51455203, 48.38770853], [15.51431385, 48.38751591], [15.51458659, 48.38739338], [15.51457446, 48.38738443], [15.51461494, 48.38737999]]]}, "geometry_name": "geom", "properties": {"fs_kennung": 115603088.0, "snar_bezeichnung": "WEIN", "sl_flaeche_brutto_ha": 0.32656274, "inspire_id": "https://data.inspire.gv.at/0095/b2bd27c3-ccd9-4e5a-98ce-28deab1266f5/elu.ExistingLandUseObject/107409097/MFA-2025", "gml_id": "AT.0095.b2bd27c3-ccd9-4e5a-98ce-28deab1266f5.elu.ExistingLandUseObject.107409097.MFA-2025", "gml_identifier": "https://data.inspire.gv.at/0095/b2bd27c3-ccd9-4e5a-98ce-28deab1266f5/elu.ExistingLandUseObject/107409097/MFA-2025", "snar_code": "901", "geo_part_key": 18, "log_pkey": 3, "geom_date_created": "2022-10-01T21:23:57+02:00", "geo_type": "POLYGON", "gml_geom": "[B@57b42938", "gml_length": null, "kz_bio_oepul_jn": null, "fart_id": 1856, "geo_id": 107409097}, "bbox": [15.51431385, 48.38737999, 15.51568488, 48.3882368]}, {"type": "Feature", "id": "invekos_schlaege_2025_1_polygon.93756", "geometry": {"type": "Polygon", "coordinates": [[[15.51458145, 48.3871238], [15.5147428, 48.38722426], [15.51489254, 48.38732162], [15.51503722, 48.38742096], [15.51538654, 48.38766351], [15.51554731, 48.38777578], [15.51584995, 48.38799419], [15.51596558, 48.38808363], [15.51596109, 48.38812133], [15.51587076, 48.38817719], [15.51574383, 48.38820115], [15.51563758, 48.38811945], [15.51561213, 48.38813433], [15.51512794, 48.38774006], [15.51508396, 48.38775771], [15.51461494, 48.38737999], [15.51457446, 48.38738443], [15.51434771, 48.38721626], [15.51458145, 48.3871238]]]}, "geometry_name": "geom", "properties": {"fs_kennung": 115603088.0, "snar_bezeichnung": "WEIN", "sl_flaeche_brutto_ha": 0.32375506, "inspire_id": "https://data.inspire.gv.at/0095/b2bd27c3-ccd9-4e5a-98ce-28deab1266f5/elu.ExistingLandUseObject/107409100/MFA-2025", "gml_id": "AT.0095.b2bd27c3-ccd9-4e5a-98ce-28deab1266f5.elu.ExistingLandUseObject.107409100.MFA-2025", "gml_identifier": "https://data.inspire.gv.at/0095/b2bd27c3-ccd9-4e5a-98ce-28deab1266f5/elu.ExistingLandUseObject/107409100/MFA-2025", "snar_code": "901", "geo_part_key": 18, "log_pkey": 3, "geom_date_created": "2022-10-01T21:23:57+02:00", "geo_type": "POLYGON", "gml_geom": "[B@5fe87f00", "gml_length": null, "kz_bio_oepul_jn": null, "fart_id": 1856, "geo_id": 107409100}, "bbox": [15.51434771, 48.3871238, 15.51596558, 48.38820115]}, {"type": "Feature", "id": "invekos_schlaege_2025_1_polygon.96712", "geometry": {"type": "Polygon", "coordinates": [[[15.50929994, 48.38968484], [15.50938085, 48.38960397], [15.50962138, 48.3897081], [15.51020608, 48.38995807], [15.51092696, 48.3902656], [15.51083663, 48.39033756], [15.51025597, 48.39008734], [15.50929994, 48.38968484]]]}, "geometry_name": "geom", "properties": {"fs_kennung": 115602768.0, "snar_bezeichnung": "WEIN", "sl_flaeche_brutto_ha": 0.14010284, "inspire_id": "https://data.inspire.gv.at/0095/b2bd27c3-ccd9-4e5a-98ce-28deab1266f5/elu.ExistingLandUseObject/107375268/MFA-2025", "gml_id": "AT.0095.b2bd27c3-ccd9-4e5a-98ce-28deab1266f5.elu.ExistingLandUseObject.107375268.MFA-2025", "gml_identifier": "https://data.inspire.gv.at/0095/b2bd27c3-ccd9-4e5a-98ce-28deab1266f5/elu.ExistingLandUseObject/107375268/MFA-2025", "snar_code": "901", "geo_part_key": 18, "log_pkey": 3, "geom_date_created": "2022-10-01T20:52:54+02:00", "geo_type": "POLYGON", "gml_geom": "[B@bf5c79f", "gml_length": null, "kz_bio_oepul_jn": null, "fart_id": 1856, "geo_id": 107375268}, "bbox": [15.50929994, 48.38960397, 15.51092696, 48.39033756]}, {"type": "Feature", "id": "invekos_schlaege_2025_1_polygon.97432", "geometry": {"type": "Polygon", "coordinates": [[[15.51240449, 48.38894865], [15.51245788, 48.38887864], [15.51258324, 48.38891346], [15.51282383, 48.3889932], [15.51314093, 48.38910588], [15.51330618, 48.38914797], [15.51345505, 48.38919891], [15.51337289, 48.38928854], [15.51279463, 48.38908571], [15.51240449, 48.38894865]]]}, "geometry_name": "geom", "properties": {"fs_kennung": 115602895.0, "snar_bezeichnung": "WEIN", "sl_flaeche_brutto_ha": 0.08339092, "inspire_id": "https://data.inspire.gv.at/0095/b2bd27c3-ccd9-4e5a-98ce-28deab1266f5/elu.ExistingLandUseObject/107375381/MFA-2025", "gml_id": "AT.0095.b2bd27c3-ccd9-4e5a-98ce-28deab1266f5.elu.ExistingLandUseObject.107375381.MFA-2025", "gml_identifier": "https://data.inspire.gv.at/0095/b2bd27c3-ccd9-4e5a-98ce-28deab1266f5/elu.ExistingLandUseObject/107375381/MFA-2025", "snar_code": "901", "geo_part_key": 18, "log_pkey": 3, "geom_date_created": "2022-10-01T20:53:01+02:00", "geo_type": "POLYGON", "gml_geom": "[B@db6d627", "gml_length": null, "kz_bio_oepul_jn": null, "fart_id": 1856, "geo_id": 107375381}, "bbox": [15.51240449, 48.38887864, 15.51345505, 48.38928854]}, {"type": "Feature", "id": "invekos_schlaege_2025_1_polygon.97436", "geometry": {"type": "Polygon", "coordinates": [[[15.50761826, 48.39121009], [15.50768418, 48.3912453], [15.50767159, 48.39128648], [15.50763146, 48.39130567], [15.50745622, 48.39139262], [15.50703149, 48.39156124], [15.50683312, 48.39166373], [15.50671684, 48.3917261], [15.50651859, 48.39183129], [15.50621267, 48.39199481], [15.50608925, 48.39195131], [15.50602415, 48.39191013], [15.50623176, 48.39174439], [15.50639908, 48.39160081], [15.50679576, 48.39152981], [15.50695797, 48.39146101], [15.50761826, 48.39121009]]]}, "geometry_name": "geom", "properties": {"fs_kennung": 115602909.0, "snar_bezeichnung": "WEIN", "sl_flaeche_brutto_ha": 0.22241795, "inspire_id": "https://data.inspire.gv.at/0095/b2bd27c3-ccd9-4e5a-98ce-28deab1266f5/elu.ExistingLandUseObject/107375263/MFA-2025", "gml_id": "AT.0095.b2bd27c3-ccd9-4e5a-98ce-28deab1266f5.elu.ExistingLandUseObject.107375263.MFA-2025", "gml_identifier": "https://data.inspire.gv.at/0095/b2bd27c3-ccd9-4e5a-98ce-28deab1266f5/elu.ExistingLandUseObject/107375263/MFA-2025", "snar_code": "901", "geo_part_key": 18, "log_pkey": 3, "geom_date_created": "2022-10-01T20:52:54+02:00", "geo_type": "POLYGON", "gml_geom": "[B@7bbdd340", "gml_length": null, "kz_bio_oepul_jn": null, "fart_id": 1856, "geo_id": 107375263}, "bbox": [15.50602415, 48.39121009, 15.50768418, 48.39199481]}, {"type": "Feature", "id": "invekos_schlaege_2025_1_polygon.97438", "geometry": {"type": "Polygon", "coordinates": [[[15.50881503, 48.39031819], [15.50896579, 48.39012479], [15.50916733, 48.3898923], [15.50923011, 48.38993315], [15.50907437, 48.39013024], [15.50900645, 48.39010217], [15.50898168, 48.39012999], [15.50892762, 48.39020352], [15.50926298, 48.39036824], [15.50931828, 48.39032735], [15.50913057, 48.39022647], [15.50914828, 48.39021066], [15.50936847, 48.39032884], [15.50916534, 48.39048173], [15.50881503, 48.39031819]]]}, "geometry_name": "geom", "properties": {"fs_kennung": 115602915.0, "snar_bezeichnung": "WEIN", "sl_flaeche_brutto_ha": 0.07501305, "inspire_id": "https://data.inspire.gv.at/0095/b2bd27c3-ccd9-4e5a-98ce-28deab1266f5/elu.ExistingLandUseObject/115263643/MFA-2025", "gml_id": "AT.0095.b2bd27c3-ccd9-4e5a-98ce-28deab1266f5.elu.ExistingLandUseObject.115263643.MFA-2025", "gml_identifier": "https://data.inspire.gv.at/0095/b2bd27c3-ccd9-4e5a-98ce-28deab1266f5/elu.ExistingLandUseObject/115263643/MFA-2025", "snar_code": "901", "geo_part_key": 18, "log_pkey": 3, "geom_date_created": "2024-12-03T14:07:17+01:00", "geo_type": "POLYGON", "gml_geom": "[B@6731b348", "gml_length": null, "kz_bio_oepul_jn": null, "fart_id": 1856, "geo_id": 115263643}, "bbox": [15.50881503, 48.3898923, 15.50936847, 48.39048173]}, {"type": "Feature", "id": "invekos_schlaege_2025_1_polygon.97577", "geometry": {"type": "Polygon", "coordinates": [[[15.51037852, 48.3908529], [15.51094667, 48.39114906], [15.51090309, 48.39120189], [15.51082791, 48.39128086], [15.51068971, 48.39141958], [15.51067084, 48.39143343], [15.51007887, 48.39111044], [15.51016949, 48.39105809], [15.51037852, 48.3908529]]]}, "geometry_name": "geom", "properties": {"fs_kennung": 115602863.0, "snar_bezeichnung": "WEIN", "sl_flaeche_brutto_ha": 0.20112485, "inspire_id": "https://data.inspire.gv.at/0095/b2bd27c3-ccd9-4e5a-98ce-28deab1266f5/elu.ExistingLandUseObject/107375308/MFA-2025", "gml_id": "AT.0095.b2bd27c3-ccd9-4e5a-98ce-28deab1266f5.elu.ExistingLandUseObject.107375308.MFA-2025", "gml_identifier": "https://data.inspire.gv.at/0095/b2bd27c3-ccd9-4e5a-98ce-28deab1266f5/elu.ExistingLandUseObject/107375308/MFA-2025", "snar_code": "901", "geo_part_key": 18, "log_pkey": 3, "geom_date_created": "2022-10-01T20:52:56+02:00", "geo_type": "POLYGON", "gml_geom": "[B@425d590e", "gml_length": null, "kz_bio_oepul_jn": null, "fart_id": 1856, "geo_id": 107375308}, "bbox": [15.51007887, 48.3908529, 15.51094667, 48.39143343]}, {"type": "Feature", "id": "invekos_schlaege_2025_1_polygon.97962", "geometry": {"type": "Polygon", "coordinates": [[[15.50990275, 48.3911957], [15.51007887, 48.39111044], [15.51117971, 48.39171099], [15.51106314, 48.39183059], [15.51083095, 48.39170031], [15.51056812, 48.39155799], [15.50990275, 48.3911957]]]}, "geometry_name": "geom", "properties": {"fs_kennung": 115602863.0, "snar_bezeichnung": "WEIN", "sl_flaeche_brutto_ha": 0.16840935, "inspire_id": "https://data.inspire.gv.at/0095/b2bd27c3-ccd9-4e5a-98ce-28deab1266f5/elu.ExistingLandUseObject/107375355/MFA-2025", "gml_id": "AT.0095.b2bd27c3-ccd9-4e5a-98ce-28deab1266f5.elu.ExistingLandUseObject.107375355.MFA-2025", "gml_identifier": "https://data.inspire.gv.at/0095/b2bd27c3-ccd9-4e5a-98ce-28deab1266f5/elu.ExistingLandUseObject/107375355/MFA-2025", "snar_code": "901", "geo_part_key": 18, "log_pkey": 3, "geom_date_created": "2022-10-01T20:53:00+02:00", "geo_type": "POLYGON", "gml_geom": "[B@7961b88c", "gml_length": null, "kz_bio_oepul_jn": null, "fart_id": 1856, "geo_id": 107375355}, "bbox": [15.50990275, 48.39111044, 15.51117971, 48.39183059]}, {"type": "Feature", "id": "invekos_schlaege_2025_1_polygon.97965", "geometry": {"type": "Polygon", "coordinates": [[[15.50919939, 48.39019558], [15.50928145, 48.38992347], [15.51059078, 48.39052185], [15.51015919, 48.39094166], [15.50925041, 48.39050957], [15.50935504, 48.39040486], [15.50942174, 48.39032344], [15.50919939, 48.39019558]]]}, "geometry_name": "geom", "properties": {"fs_kennung": 115602881.0, "snar_bezeichnung": "WEIN", "sl_flaeche_brutto_ha": 0.54692305, "inspire_id": "https://data.inspire.gv.at/0095/b2bd27c3-ccd9-4e5a-98ce-28deab1266f5/elu.ExistingLandUseObject/115263678/MFA-2025", "gml_id": "AT.0095.b2bd27c3-ccd9-4e5a-98ce-28deab1266f5.elu.ExistingLandUseObject.115263678.MFA-2025", "gml_identifier": "https://data.inspire.gv.at/0095/b2bd27c3-ccd9-4e5a-98ce-28deab1266f5/elu.ExistingLandUseObject/115263678/MFA-2025", "snar_code": "901", "geo_part_key": 18, "log_pkey": 3, "geom_date_created": "2024-12-03T14:08:40+01:00", "geo_type": "POLYGON", "gml_geom": "[B@6cd34333", "gml_length": null, "kz_bio_oepul_jn": null, "fart_id": 1856, "geo_id": 115263678}, "bbox": [15.50919939, 48.38992347, 15.51059078, 48.39094166]}, {"type": "Feature", "id": "invekos_schlaege_2025_1_polygon.294602", "geometry": {"type": "Polygon", "coordinates": [[[15.5121101, 48.38970687], [15.5121009, 48.38970659], [15.51214231, 48.38962771], [15.51218024, 48.38956914], [15.51276443, 48.38978743], [15.51271077, 48.3899154], [15.51252247, 48.38985197], [15.51211354, 48.38970194], [15.5121101, 48.38970687]]]}, "geometry_name": "geom", "properties": {"fs_kennung": 116457505.0, "snar_bezeichnung": "WEIN", "sl_flaeche_brutto_ha": 0.07586235, "inspire_id": "https://data.inspire.gv.at/0095/b2bd27c3-ccd9-4e5a-98ce-28deab1266f5/elu.ExistingLandUseObject/105448375/MFA-2025", "gml_id": "AT.0095.b2bd27c3-ccd9-4e5a-98ce-28deab1266f5.elu.ExistingLandUseObject.105448375.MFA-2025", "gml_identifier": "https://data.inspire.gv.at/0095/b2bd27c3-ccd9-4e5a-98ce-28deab1266f5/elu.ExistingLandUseObject/105448375/MFA-2025", "snar_code": "901", "geo_part_key": 18, "log_pkey": 3, "geom_date_created": "2022-09-30T16:33:09+02:00", "geo_type": "POLYGON", "gml_geom": "[B@6120612", "gml_length": null, "kz_bio_oepul_jn": null, "fart_id": 1856, "geo_id": 105448375}, "bbox": [15.5121009, 48.38956914, 15.51276443, 48.3899154]}, {"type": "Feature", "id": "invekos_schlaege_2025_1_polygon.294603", "geometry": {"type": "Polygon", "coordinates": [[[15.51194918, 48.39004056], [15.51192376, 48.39000495], [15.51194707, 48.38991993], [15.51204609, 48.38979427], [15.51205602, 48.38979894], [15.51214507, 48.38983795], [15.51226537, 48.38989069], [15.512303, 48.38992454], [15.51264099, 48.39006149], [15.51265201, 48.3900827], [15.51259104, 48.39013945], [15.51237139, 48.39026557], [15.51235296, 48.39027707], [15.51210906, 48.39014457], [15.51202526, 48.39009556], [15.51203162, 48.39008942], [15.51194918, 48.39004056]]]}, "geometry_name": "geom", "properties": {"fs_kennung": 116457506.0, "snar_bezeichnung": "WEIN", "sl_flaeche_brutto_ha": 0.1462463, "inspire_id": "https://data.inspire.gv.at/0095/b2bd27c3-ccd9-4e5a-98ce-28deab1266f5/elu.ExistingLandUseObject/105448376/MFA-2025", "gml_id": "AT.0095.b2bd27c3-ccd9-4e5a-98ce-28deab1266f5.elu.ExistingLandUseObject.105448376.MFA-2025", "gml_identifier": "https://data.inspire.gv.at/0095/b2bd27c3-ccd9-4e5a-98ce-28deab1266f5/elu.ExistingLandUseObject/105448376/MFA-2025", "snar_code": "901", "geo_part_key": 18, "log_pkey": 3, "geom_date_created": "2022-09-30T16:33:09+02:00", "geo_type": "POLYGON", "gml_geom": "[B@2e2faaf7", "gml_length": null, "kz_bio_oepul_jn": null, "fart_id": 1856, "geo_id": 105448376}, "bbox": [15.51192376, 48.38979427, 15.51265201, 48.39027707]}, {"type": "Feature", "id": "invekos_schlaege_2025_1_polygon.451686", "geometry": {"type": "Polygon", "coordinates": [[[15.52255875, 48.38323879], [15.52263066, 48.38336783], [15.5226444, 48.38340204], [15.52250533, 48.38351236], [15.52237473, 48.38361541], [15.52140441, 48.38437444], [15.52046209, 48.38514752], [15.52014071, 48.38538768], [15.51936071, 48.38586247], [15.51932145, 48.38584133], [15.51911259, 48.3857387], [15.51903252, 48.3856692], [15.51891981, 48.3855753], [15.518883, 48.38553864], [15.51887287, 48.38549384], [15.51889291, 48.38545657], [15.51918978, 48.38522119], [15.51985998, 48.38474414], [15.52020962, 48.38444055], [15.5202798, 48.3843911], [15.52038732, 48.38431701], [15.52042682, 48.38427667], [15.5205439, 48.38420852], [15.52056029, 48.38419679], [15.52058108, 48.38417714], [15.52064235, 48.38408943], [15.52068837, 48.38412654], [15.5207255, 48.38411666], [15.52091312, 48.38400418], [15.5209509, 48.38401265], [15.52110036, 48.38394668], [15.5212324, 48.38384243], [15.52120861, 48.38383568], [15.52129223, 48.38375888], [15.52134436, 48.38371049], [15.52138299, 48.38366243], [15.52139497, 48.38362612], [15.52140084, 48.38357967], [15.52145183, 48.3835555], [15.52150855, 48.38353599], [15.52153318, 48.3836265], [15.52158398, 48.38369052], [15.52166806, 48.38363423], [15.52163478, 48.38352435], [15.52165275, 48.38348604], [15.52214966, 48.38332744], [15.52255875, 48.38323879]]]}, "geometry_name": "geom", "properties": {"fs_kennung": 115602411.0, "snar_bezeichnung": "MÄHWIESE/-WEIDE ZWEI NUTZUNGEN", "sl_flaeche_brutto_ha": 2.02898921, "inspire_id": "https://data.inspire.gv.at/0095/b2bd27c3-ccd9-4e5a-98ce-28deab1266f5/elu.ExistingLandUseObject/112007792/MFA-2025", "gml_id": "AT.0095.b2bd27c3-ccd9-4e5a-98ce-28deab1266f5.elu.ExistingLandUseObject.112007792.MFA-2025", "gml_identifier": "https://data.inspire.gv.at/0095/b2bd27c3-ccd9-4e5a-98ce-28deab1266f5/elu.ExistingLandUseObject/112007792/MFA-2025", "snar_code": "716", "geo_part_key": 18, "log_pkey": 3, "geom_date_created": "2023-02-20T09:23:55+01:00", "geo_type": "POLYGON", "gml_geom": "[B@5afed266", "gml_length": null, "kz_bio_oepul_jn": null, "fart_id": 1856, "geo_id": 112007792}, "bbox": [15.51887287, 48.38323879, 15.5226444, 48.38586247]}, {"type": "Feature", "id": "invekos_schlaege_2025_1_polygon.453214", "geometry": {"type": "Polygon", "coordinates": [[[15.52237473, 48.38361541], [15.52250533, 48.38351236], [15.5226444, 48.38340204], [15.52271086, 48.38356825], [15.52292838, 48.38405135], [15.52267155, 48.38419169], [15.52265983, 48.38419569], [15.52254638, 48.38426008], [15.522152, 48.3845629], [15.52195122, 48.38474123], [15.52157831, 48.38506938], [15.5213627, 48.38534121], [15.52119259, 48.38546525], [15.52106545, 48.38557057], [15.52072097, 48.38592599], [15.5204415, 48.38607106], [15.52026115, 48.38616703], [15.52011894, 48.38623215], [15.52006366, 48.38623813], [15.51982698, 48.38611343], [15.51936071, 48.38586247], [15.52014071, 48.38538768], [15.52046209, 48.38514752], [15.52140441, 48.38437444], [15.52237473, 48.38361541]], [[15.52244153, 48.384231], [15.52254136, 48.384215], [15.52260704, 48.38414188], [15.52255751, 48.38401853], [15.52243057, 48.38400346], [15.52239329, 48.38401972], [15.5222889, 48.38406523], [15.5223169, 48.38416522], [15.5224155, 48.38423518], [15.52244153, 48.384231]]]}, "geometry_name": "geom", "properties": {"fs_kennung": 115602411.0, "snar_bezeichnung": "MÄHWIESE/-WEIDE ZWEI NUTZUNGEN", "sl_flaeche_brutto_ha": 2.11664565, "inspire_id": "https://data.inspire.gv.at/0095/b2bd27c3-ccd9-4e5a-98ce-28deab1266f5/elu.ExistingLandUseObject/112008228/MFA-2025", "gml_id": "AT.0095.b2bd27c3-ccd9-4e5a-98ce-28deab1266f5.elu.ExistingLandUseObject.112008228.MFA-2025", "gml_identifier": "https://data.inspire.gv.at/0095/b2bd27c3-ccd9-4e5a-98ce-28deab1266f5/elu.ExistingLandUseObject/112008228/MFA-2025", "snar_code": "716", "geo_part_key": 18, "log_pkey": 3, "geom_date_created": "2023-02-20T09:31:52+01:00", "geo_type": "POLYGON", "gml_geom": "[B@2c42c8d1", "gml_length": null, "kz_bio_oepul_jn": null, "fart_id": 1856, "geo_id": 112008228}, "bbox": [15.51936071, 48.38340204, 15.52292838, 48.38623813]}, {"type": "Feature", "id": "invekos_schlaege_2025_1_polygon.703327", "geometry": {"type": "Polygon", "coordinates": [[[15.51195211, 48.38985982], [15.51190945, 48.38992477], [15.51188611, 48.38998334], [15.51188397, 48.39001289], [15.51181878, 48.38998865], [15.5113123, 48.38979977], [15.51126348, 48.38977953], [15.51126334, 48.38976657], [15.51126754, 48.38971538], [15.51128331, 48.3896791], [15.51133726, 48.38955481], [15.51197735, 48.38974021], [15.51204126, 48.38975962], [15.51200443, 48.3897802], [15.51195211, 48.38985982]]]}, "geometry_name": "geom", "properties": {"fs_kennung": 116501221.0, "snar_bezeichnung": "WEIN", "sl_flaeche_brutto_ha": 0.14878285, "inspire_id": "https://data.inspire.gv.at/0095/b2bd27c3-ccd9-4e5a-98ce-28deab1266f5/elu.ExistingLandUseObject/112109124/MFA-2025", "gml_id": "AT.0095.b2bd27c3-ccd9-4e5a-98ce-28deab1266f5.elu.ExistingLandUseObject.112109124.MFA-2025", "gml_identifier": "https://data.inspire.gv.at/0095/b2bd27c3-ccd9-4e5a-98ce-28deab1266f5/elu.ExistingLandUseObject/112109124/MFA-2025", "snar_code": "901", "geo_part_key": 18, "log_pkey": 3, "geom_date_created": "2023-02-27T10:01:30+01:00", "geo_type": "POLYGON", "gml_geom": "[B@3a7679dd", "gml_length": null, "kz_bio_oepul_jn": null, "fart_id": 1856, "geo_id": 112109124}, "bbox": [15.51126334, 48.38955481, 15.51204126, 48.39001289]}, {"type": "Feature", "id": "invekos_schlaege_2025_1_polygon.803119", "geometry": {"type": "Polygon", "coordinates": [[[15.5119312, 48.38826703], [15.51160038, 48.38821651], [15.51133834, 48.38817938], [15.51121522, 48.38817177], [15.51120659, 48.38810166], [15.51123405, 48.38806704], [15.51129779, 48.38804705], [15.51139061, 48.38804072], [15.51159072, 48.38803825], [15.51198757, 48.3881328], [15.5119312, 48.38826703]]]}, "geometry_name": "geom", "properties": {"fs_kennung": 115602779.0, "snar_bezeichnung": "WEIN", "sl_flaeche_brutto_ha": 0.09388711, "inspire_id": "https://data.inspire.gv.at/0095/b2bd27c3-ccd9-4e5a-98ce-28deab1266f5/elu.ExistingLandUseObject/107391687/MFA-2025", "gml_id": "AT.0095.b2bd27c3-ccd9-4e5a-98ce-28deab1266f5.elu.ExistingLandUseObject.107391687.MFA-2025", "gml_identifier": "https://data.inspire.gv.at/0095/b2bd27c3-ccd9-4e5a-98ce-28deab1266f5/elu.ExistingLandUseObject/107391687/MFA-2025", "snar_code": "901", "geo_part_key": 18, "log_pkey": 3, "geom_date_created": "2022-10-01T21:08:34+02:00", "geo_type": "POLYGON", "gml_geom": "[B@695d1476", "gml_length": null, "kz_bio_oepul_jn": null, "fart_id": 1856, "geo_id": 107391687}, "bbox": [15.51120659, 48.38803825, 15.51198757, 48.38826703]}, {"type": "Feature", "id": "invekos_schlaege_2025_1_polygon.803121", "geometry": {"type": "Polygon", "coordinates": [[[15.50866537, 48.39129731], [15.5084784, 48.39120451], [15.50869394, 48.39099641], [15.50885834, 48.39083803], [15.50894523, 48.39075147], [15.50981371, 48.39116028], [15.50954085, 48.39136738], [15.50935697, 48.39151236], [15.50926609, 48.39159386], [15.50866537, 48.39129731]]]}, "geometry_name": "geom", "properties": {"fs_kennung": 115602792.0, "snar_bezeichnung": "WEIN", "sl_flaeche_brutto_ha": 0.46577763, "inspire_id": "https://data.inspire.gv.at/0095/b2bd27c3-ccd9-4e5a-98ce-28deab1266f5/elu.ExistingLandUseObject/107391695/MFA-2025", "gml_id": "AT.0095.b2bd27c3-ccd9-4e5a-98ce-28deab1266f5.elu.ExistingLandUseObject.107391695.MFA-2025", "gml_identifier": "https://data.inspire.gv.at/0095/b2bd27c3-ccd9-4e5a-98ce-28deab1266f5/elu.ExistingLandUseObject/107391695/MFA-2025", "snar_code": "901", "geo_part_key": 18, "log_pkey": 3, "geom_date_created": "2022-10-01T21:08:35+02:00", "geo_type": "POLYGON", "gml_geom": "[B@459c96d9", "gml_length": null, "kz_bio_oepul_jn": null, "fart_id": 1856, "geo_id": 107391695}, "bbox": [15.5084784, 48.39075147, 15.50981371, 48.39159386]}, {"type": "Feature", "id": "invekos_schlaege_2025_1_polygon.803123", "geometry": {"type": "Polygon", "coordinates": [[[15.51373021, 48.38706312], [15.51420531, 48.38748266], [15.51430189, 48.38752387], [15.5151511, 48.38821934], [15.51487449, 48.38820201], [15.51475058, 48.38820162], [15.51347412, 48.3872089], [15.5135092, 48.38719502], [15.51348135, 48.38715604], [15.51373021, 48.38706312]]]}, "geometry_name": "geom", "properties": {"fs_kennung": 115602805.0, "snar_bezeichnung": "WEIN", "sl_flaeche_brutto_ha": 0.35904596, "inspire_id": "https://data.inspire.gv.at/0095/b2bd27c3-ccd9-4e5a-98ce-28deab1266f5/elu.ExistingLandUseObject/107391704/MFA-2025", "gml_id": "AT.0095.b2bd27c3-ccd9-4e5a-98ce-28deab1266f5.elu.ExistingLandUseObject.107391704.MFA-2025", "gml_identifier": "https://data.inspire.gv.at/0095/b2bd27c3-ccd9-4e5a-98ce-28deab1266f5/elu.ExistingLandUseObject/107391704/MFA-2025", "snar_code": "901", "geo_part_key": 18, "log_pkey": 3, "geom_date_created": "2022-10-01T21:08:35+02:00", "geo_type": "POLYGON", "gml_geom": "[B@7fa2cafb", "gml_length": null, "kz_bio_oepul_jn": null, "fart_id": 1856, "geo_id": 107391704}, "bbox": [15.51347412, 48.38706312, 15.5151511, 48.38821934]}, {"type": "Feature", "id": "invekos_schlaege_2025_1_polygon.803127", "geometry": {"type": "Polygon", "coordinates": [[[15.51002108, 48.39104718], [15.50870521, 48.39041544], [15.50881174, 48.39031078], [15.51015667, 48.39094936], [15.51002108, 48.39104718]]]}, "geometry_name": "geom", "properties": {"fs_kennung": 115602833.0, "snar_bezeichnung": "WEIN", "sl_flaeche_brutto_ha": 0.17416735, "inspire_id": "https://data.inspire.gv.at/0095/b2bd27c3-ccd9-4e5a-98ce-28deab1266f5/elu.ExistingLandUseObject/107391721/MFA-2025", "gml_id": "AT.0095.b2bd27c3-ccd9-4e5a-98ce-28deab1266f5.elu.ExistingLandUseObject.107391721.MFA-2025", "gml_identifier": "https://data.inspire.gv.at/0095/b2bd27c3-ccd9-4e5a-98ce-28deab1266f5/elu.ExistingLandUseObject/107391721/MFA-2025", "snar_code": "901", "geo_part_key": 18, "log_pkey": 3, "geom_date_created": "2022-10-01T21:08:36+02:00", "geo_type": "POLYGON", "gml_geom": "[B@7693fc43", "gml_length": null, "kz_bio_oepul_jn": null, "fart_id": 1856, "geo_id": 107391721}, "bbox": [15.50870521, 48.39031078, 15.51015667, 48.39104718]}, {"type": "Feature", "id": "invekos_schlaege_2025_1_polygon.804266", "geometry": {"type": "Polygon", "coordinates": [[[15.50916195, 48.38987683], [15.50929434, 48.38968999], [15.5100611, 48.39000585], [15.51082292, 48.39033278], [15.51061553, 48.39051608], [15.50997702, 48.39022365], [15.50991384, 48.39019261], [15.50925006, 48.38990947], [15.50916195, 48.38987683]]]}, "geometry_name": "geom", "properties": {"fs_kennung": 115602696.0, "snar_bezeichnung": "WEIN", "sl_flaeche_brutto_ha": 0.31124128, "inspire_id": "https://data.inspire.gv.at/0095/b2bd27c3-ccd9-4e5a-98ce-28deab1266f5/elu.ExistingLandUseObject/107391628/MFA-2025", "gml_id": "AT.0095.b2bd27c3-ccd9-4e5a-98ce-28deab1266f5.elu.ExistingLandUseObject.107391628.MFA-2025", "gml_identifier": "https://data.inspire.gv.at/0095/b2bd27c3-ccd9-4e5a-98ce-28deab1266f5/elu.ExistingLandUseObject/107391628/MFA-2025", "snar_code": "901", "geo_part_key": 18, "log_pkey": 3, "geom_date_created": "2022-10-01T21:08:30+02:00", "geo_type": "POLYGON", "gml_geom": "[B@77eca843", "gml_length": null, "kz_bio_oepul_jn": null, "fart_id": 1856, "geo_id": 107391628}, "bbox": [15.50916195, 48.38968999, 15.51082292, 48.39051608]}, {"type": "Feature", "id": "invekos_schlaege_2025_1_polygon.804268", "geometry": {"type": "Polygon", "coordinates": [[[15.50804639, 48.39123838], [15.50812523, 48.39115304], [15.50864405, 48.3914074], [15.50917031, 48.39169058], [15.50911605, 48.39178536], [15.50879276, 48.3916187], [15.50804639, 48.39123838]]]}, "geometry_name": "geom", "properties": {"fs_kennung": 115602712.0, "snar_bezeichnung": "WEIN", "sl_flaeche_brutto_ha": 0.11287417, "inspire_id": "https://data.inspire.gv.at/0095/b2bd27c3-ccd9-4e5a-98ce-28deab1266f5/elu.ExistingLandUseObject/107391634/MFA-2025", "gml_id": "AT.0095.b2bd27c3-ccd9-4e5a-98ce-28deab1266f5.elu.ExistingLandUseObject.107391634.MFA-2025", "gml_identifier": "https://data.inspire.gv.at/0095/b2bd27c3-ccd9-4e5a-98ce-28deab1266f5/elu.ExistingLandUseObject/107391634/MFA-2025", "snar_code": "901", "geo_part_key": 18, "log_pkey": 3, "geom_date_created": "2022-10-01T21:08:31+02:00", "geo_type": "POLYGON", "gml_geom": "[B@56e7c239", "gml_length": null, "kz_bio_oepul_jn": null, "fart_id": 1856, "geo_id": 107391634}, "bbox": [15.50804639, 48.39115304, 15.50917031, 48.39178536]}, {"type": "Feature", "id": "invekos_schlaege_2025_1_polygon.804270", "geometry": {"type": "Polygon", "coordinates": [[[15.51133726, 48.38955481], [15.51138603, 48.3894326], [15.51213056, 48.38962469], [15.51208785, 48.38970134], [15.51204126, 48.38975962], [15.51197735, 48.38974021], [15.51133726, 48.38955481]]]}, "geometry_name": "geom", "properties": {"fs_kennung": 115602720.0, "snar_bezeichnung": "WEIN", "sl_flaeche_brutto_ha": 0.08814066, "inspire_id": "https://data.inspire.gv.at/0095/b2bd27c3-ccd9-4e5a-98ce-28deab1266f5/elu.ExistingLandUseObject/107391641/MFA-2025", "gml_id": "AT.0095.b2bd27c3-ccd9-4e5a-98ce-28deab1266f5.elu.ExistingLandUseObject.107391641.MFA-2025", "gml_identifier": "https://data.inspire.gv.at/0095/b2bd27c3-ccd9-4e5a-98ce-28deab1266f5/elu.ExistingLandUseObject/107391641/MFA-2025", "snar_code": "901", "geo_part_key": 18, "log_pkey": 3, "geom_date_created": "2022-10-01T21:08:31+02:00", "geo_type": "POLYGON", "gml_geom": "[B@3ffb3f0c", "gml_length": null, "kz_bio_oepul_jn": null, "fart_id": 1856, "geo_id": 107391641}, "bbox": [15.51133726, 48.3894326, 15.51213056, 48.38975962]}, {"type": "Feature", "id": "invekos_schlaege_2025_1_polygon.806408", "geometry": {"type": "Polygon", "coordinates": [[[15.51091835, 48.38817065], [15.51094486, 48.38815522], [15.51102293, 48.38810985], [15.51120659, 48.38810166], [15.51121522, 48.38817177], [15.51133834, 48.38817938], [15.51160038, 48.38821651], [15.5119312, 48.38826703], [15.5119264, 48.38827819], [15.51190799, 48.38832217], [15.51188804, 48.38838428], [15.51186074, 48.38839684], [15.51171059, 48.38837328], [15.5115869, 48.38834256], [15.51139632, 48.38832776], [15.51101689, 48.38831981], [15.51090958, 48.38827061], [15.51090173, 48.38818032], [15.51091835, 48.38817065]]]}, "geometry_name": "geom", "properties": {"fs_kennung": 115602779.0, "snar_bezeichnung": "WEIN", "sl_flaeche_brutto_ha": 0.12772462, "inspire_id": "https://data.inspire.gv.at/0095/b2bd27c3-ccd9-4e5a-98ce-28deab1266f5/elu.ExistingLandUseObject/107391688/MFA-2025", "gml_id": "AT.0095.b2bd27c3-ccd9-4e5a-98ce-28deab1266f5.elu.ExistingLandUseObject.107391688.MFA-2025", "gml_identifier": "https://data.inspire.gv.at/0095/b2bd27c3-ccd9-4e5a-98ce-28deab1266f5/elu.ExistingLandUseObject/107391688/MFA-2025", "snar_code": "901", "geo_part_key": 18, "log_pkey": 3, "geom_date_created": "2022-10-01T21:08:34+02:00", "geo_type": "POLYGON", "gml_geom": "[B@5663ad54", "gml_length": null, "kz_bio_oepul_jn": null, "fart_id": 1856, "geo_id": 107391688}, "bbox": [15.51090173, 48.38810166, 15.5119312, 48.38839684]}, {"type": "Feature", "id": "invekos_schlaege_2025_1_polygon.806411", "geometry": {"type": "Polygon", "coordinates": [[[15.51311024, 48.3872911], [15.51364478, 48.38771044], [15.51345249, 48.38778962], [15.51336829, 48.38769266], [15.51303602, 48.38731219], [15.51311024, 48.3872911]]]}, "geometry_name": "geom", "properties": {"fs_kennung": 115602805.0, "snar_bezeichnung": "WEIN", "sl_flaeche_brutto_ha": 0.06873736, "inspire_id": "https://data.inspire.gv.at/0095/b2bd27c3-ccd9-4e5a-98ce-28deab1266f5/elu.ExistingLandUseObject/107391706/MFA-2025", "gml_id": "AT.0095.b2bd27c3-ccd9-4e5a-98ce-28deab1266f5.elu.ExistingLandUseObject.107391706.MFA-2025", "gml_identifier": "https://data.inspire.gv.at/0095/b2bd27c3-ccd9-4e5a-98ce-28deab1266f5/elu.ExistingLandUseObject/107391706/MFA-2025", "snar_code": "901", "geo_part_key": 18, "log_pkey": 3, "geom_date_created": "2022-10-01T21:08:35+02:00", "geo_type": "POLYGON", "gml_geom": "[B@445fa96b", "gml_length": null, "kz_bio_oepul_jn": null, "fart_id": 1856, "geo_id": 107391706}, "bbox": [15.51303602, 48.3872911, 15.51364478, 48.38778962]}, {"type": "Feature", "id": "invekos_schlaege_2025_1_polygon.806412", "geometry": {"type": "Polygon", "coordinates": [[[15.51347412, 48.3872089], [15.51475058, 48.38820162], [15.51473113, 48.38820163], [15.51446599, 48.38823519], [15.51399788, 48.38830297], [15.51380479, 48.38813533], [15.51369141, 48.38800634], [15.51349224, 48.38783549], [15.51345249, 48.38778962], [15.51364478, 48.38771044], [15.51311024, 48.3872911], [15.51319395, 48.38726731], [15.51325633, 48.3872953], [15.51347412, 48.3872089]]]}, "geometry_name": "geom", "properties": {"fs_kennung": 115602805.0, "snar_bezeichnung": "WEIN", "sl_flaeche_brutto_ha": 0.52720089, "inspire_id": "https://data.inspire.gv.at/0095/b2bd27c3-ccd9-4e5a-98ce-28deab1266f5/elu.ExistingLandUseObject/107391708/MFA-2025", "gml_id": "AT.0095.b2bd27c3-ccd9-4e5a-98ce-28deab1266f5.elu.ExistingLandUseObject.107391708.MFA-2025", "gml_identifier": "https://data.inspire.gv.at/0095/b2bd27c3-ccd9-4e5a-98ce-28deab1266f5/elu.ExistingLandUseObject/107391708/MFA-2025", "snar_code": "901", "geo_part_key": 18, "log_pkey": 3, "geom_date_created": "2022-10-01T21:08:35+02:00", "geo_type": "POLYGON", "gml_geom": "[B@2c415dd3", "gml_length": null, "kz_bio_oepul_jn": null, "fart_id": 1856, "geo_id": 107391708}, "bbox": [15.51311024, 48.3872089, 15.51475058, 48.38830297]}, {"type": "Feature", "id": "invekos_schlaege_2025_1_polygon.811963", "geometry": {"type": "Polygon", "coordinates": [[[15.51327151, 48.38938348], [15.51336692, 48.38928136], [15.51427059, 48.38973619], [15.51415284, 48.38981146], [15.5141182, 48.3897942], [15.51327151, 48.38938348]]]}, "geometry_name": "geom", "properties": {"fs_kennung": 115602711.0, "snar_bezeichnung": "WEIN", "sl_flaeche_brutto_ha": 0.10372832, "inspire_id": "https://data.inspire.gv.at/0095/b2bd27c3-ccd9-4e5a-98ce-28deab1266f5/elu.ExistingLandUseObject/105395966/MFA-2025", "gml_id": "AT.0095.b2bd27c3-ccd9-4e5a-98ce-28deab1266f5.elu.ExistingLandUseObject.105395966.MFA-2025", "gml_identifier": "https://data.inspire.gv.at/0095/b2bd27c3-ccd9-4e5a-98ce-28deab1266f5/elu.ExistingLandUseObject/105395966/MFA-2025", "snar_code": "901", "geo_part_key": 18, "log_pkey": 3, "geom_date_created": "2022-09-30T15:50:59+02:00", "geo_type": "POLYGON", "gml_geom": "[B@4aa41408", "gml_length": null, "kz_bio_oepul_jn": null, "fart_id": 1856, "geo_id": 105395966}, "bbox": [15.51327151, 48.38928136, 15.51427059, 48.38981146]}, {"type": "Feature", "id": "invekos_schlaege_2025_1_polygon.812094", "geometry": {"type": "Polygon", "coordinates": [[[15.50684334, 48.3882328], [15.50697312, 48.3882733], [15.50705339, 48.3882997], [15.50717823, 48.38831601], [15.50725877, 48.38833565], [15.50727249, 48.38834395], [15.50740638, 48.38845672], [15.5074596, 48.38851431], [15.5076774, 48.38868213], [15.50753607, 48.38873983], [15.50753092, 48.38874272], [15.50719927, 48.38845986], [15.50700843, 48.38836479], [15.50680592, 48.38826499], [15.50684334, 48.3882328]]]}, "geometry_name": "geom", "properties": {"fs_kennung": 115602708.0, "snar_bezeichnung": "WEIN", "sl_flaeche_brutto_ha": 0.08392763, "inspire_id": "https://data.inspire.gv.at/0095/b2bd27c3-ccd9-4e5a-98ce-28deab1266f5/elu.ExistingLandUseObject/105395962/MFA-2025", "gml_id": "AT.0095.b2bd27c3-ccd9-4e5a-98ce-28deab1266f5.elu.ExistingLandUseObject.105395962.MFA-2025", "gml_identifier": "https://data.inspire.gv.at/0095/b2bd27c3-ccd9-4e5a-98ce-28deab1266f5/elu.ExistingLandUseObject/105395962/MFA-2025", "snar_code": "901", "geo_part_key": 18, "log_pkey": 3, "geom_date_created": "2022-09-30T15:50:59+02:00", "geo_type": "POLYGON", "gml_geom": "[B@1661905", "gml_length": null, "kz_bio_oepul_jn": null, "fart_id": 1856, "geo_id": 105395962}, "bbox": [15.50680592, 48.3882328, 15.5076774, 48.38874272]}, {"type": "Feature", "id": "invekos_schlaege_2025_1_polygon.814701", "geometry": {"type": "Polygon", "coordinates": [[[15.50670515, 48.38826542], [15.50678206, 48.38828568], [15.50680592, 48.38826499], [15.50700843, 48.38836479], [15.50719927, 48.38845986], [15.50753092, 48.38874272], [15.50746452, 48.38877977], [15.50733839, 48.3887876], [15.50730527, 48.38875808], [15.50718686, 48.3886568], [15.50714497, 48.3886277], [15.50711716, 48.38859924], [15.50683285, 48.38844013], [15.50666092, 48.3883511], [15.50661893, 48.38833568], [15.50670515, 48.38826542]]]}, "geometry_name": "geom", "properties": {"fs_kennung": 115602708.0, "snar_bezeichnung": "WEIN", "sl_flaeche_brutto_ha": 0.11307748, "inspire_id": "https://data.inspire.gv.at/0095/b2bd27c3-ccd9-4e5a-98ce-28deab1266f5/elu.ExistingLandUseObject/105395964/MFA-2025", "gml_id": "AT.0095.b2bd27c3-ccd9-4e5a-98ce-28deab1266f5.elu.ExistingLandUseObject.105395964.MFA-2025", "gml_identifier": "https://data.inspire.gv.at/0095/b2bd27c3-ccd9-4e5a-98ce-28deab1266f5/elu.ExistingLandUseObject/105395964/MFA-2025", "snar_code": "901", "geo_part_key": 18, "log_pkey": 3, "geom_date_created": "2022-09-30T15:50:59+02:00", "geo_type": "POLYGON", "gml_geom": "[B@38cbecb3", "gml_length": null, "kz_bio_oepul_jn": null, "fart_id": 1856, "geo_id": 105395964}, "bbox": [15.50661893, 48.38826499, 15.50753092, 48.3887876]}, {"type": "Feature", "id": "invekos_schlaege_2025_1_polygon.1208194", "geometry": {"type": "Polygon", "coordinates": [[[15.51226556, 48.38912096], [15.51314855, 48.3894924], [15.51313455, 48.38951921], [15.51313262, 48.38952159], [15.51311142, 48.38951217], [15.51293635, 48.38943886], [15.51252967, 48.38926846], [15.51224452, 48.38914762], [15.51226556, 48.38912096]]]}, "geometry_name": "geom", "properties": {"fs_kennung": 115603030.0, "snar_bezeichnung": "WEIN", "sl_flaeche_brutto_ha": 0.02619555, "inspire_id": "https://data.inspire.gv.at/0095/b2bd27c3-ccd9-4e5a-98ce-28deab1266f5/elu.ExistingLandUseObject/114495996/MFA-2025", "gml_id": "AT.0095.b2bd27c3-ccd9-4e5a-98ce-28deab1266f5.elu.ExistingLandUseObject.114495996.MFA-2025", "gml_identifier": "https://data.inspire.gv.at/0095/b2bd27c3-ccd9-4e5a-98ce-28deab1266f5/elu.ExistingLandUseObject/114495996/MFA-2025", "snar_code": "901", "geo_part_key": 18, "log_pkey": 3, "geom_date_created": "2024-02-09T08:57:25+01:00", "geo_type": "POLYGON", "gml_geom": "[B@1ec281bc", "gml_length": null, "kz_bio_oepul_jn": null, "fart_id": 1856, "geo_id": 114495996}, "bbox": [15.51224452, 48.38912096, 15.51314855, 48.38952159]}, {"type": "Feature", "id": "invekos_schlaege_2025_1_polygon.1208750", "geometry": {"type": "Polygon", "coordinates": [[[15.51319817, 48.39048545], [15.51349928, 48.39064819], [15.51305647, 48.39093235], [15.51283016, 48.39107686], [15.51257069, 48.39096625], [15.51249037, 48.39092608], [15.51319817, 48.39048545]]]}, "geometry_name": "geom", "properties": {"fs_kennung": 115602918.0, "snar_bezeichnung": "WEIN", "sl_flaeche_brutto_ha": 0.20425545, "inspire_id": "https://data.inspire.gv.at/0095/b2bd27c3-ccd9-4e5a-98ce-28deab1266f5/elu.ExistingLandUseObject/107456496/MFA-2025", "gml_id": "AT.0095.b2bd27c3-ccd9-4e5a-98ce-28deab1266f5.elu.ExistingLandUseObject.107456496.MFA-2025", "gml_identifier": "https://data.inspire.gv.at/0095/b2bd27c3-ccd9-4e5a-98ce-28deab1266f5/elu.ExistingLandUseObject/107456496/MFA-2025", "snar_code": "901", "geo_part_key": 18, "log_pkey": 3, "geom_date_created": "2022-10-01T21:59:40+02:00", "geo_type": "POLYGON", "gml_geom": "[B@74acc238", "gml_length": null, "kz_bio_oepul_jn": null, "fart_id": 1856, "geo_id": 107456496}, "bbox": [15.51249037, 48.39048545, 15.51349928, 48.39107686]}, {"type": "Feature", "id": "invekos_schlaege_2025_1_polygon.1208751", "geometry": {"type": "Polygon", "coordinates": [[[15.51377665, 48.38845872], [15.51389114, 48.3884987], [15.51397415, 48.38851919], [15.5145173, 48.38870306], [15.5144525, 48.38879092], [15.51443726, 48.38881082], [15.51366936, 48.38855143], [15.51370341, 48.38851282], [15.51375412, 48.38847219], [15.51377665, 48.38845872]]]}, "geometry_name": "geom", "properties": {"fs_kennung": 115602938.0, "snar_bezeichnung": "WEIN", "sl_flaeche_brutto_ha": 0.08320903, "inspire_id": "https://data.inspire.gv.at/0095/b2bd27c3-ccd9-4e5a-98ce-28deab1266f5/elu.ExistingLandUseObject/107456400/MFA-2025", "gml_id": "AT.0095.b2bd27c3-ccd9-4e5a-98ce-28deab1266f5.elu.ExistingLandUseObject.107456400.MFA-2025", "gml_identifier": "https://data.inspire.gv.at/0095/b2bd27c3-ccd9-4e5a-98ce-28deab1266f5/elu.ExistingLandUseObject/107456400/MFA-2025", "snar_code": "901", "geo_part_key": 18, "log_pkey": 3, "geom_date_created": "2022-10-01T21:59:35+02:00", "geo_type": "POLYGON", "gml_geom": "[B@45b34399", "gml_length": null, "kz_bio_oepul_jn": null, "fart_id": 1856, "geo_id": 107456400}, "bbox": [15.51366936, 48.38845872, 15.5145173, 48.38881082]}, {"type": "Feature", "id": "invekos_schlaege_2025_1_polygon.1208754", "geometry": {"type": "Polygon", "coordinates": [[[15.51441842, 48.38838573], [15.51447914, 48.38839674], [15.51469351, 48.3884632], [15.51462733, 48.3885537], [15.51456906, 48.3886328], [15.51418125, 48.38850615], [15.51417925, 48.3884971], [15.51421112, 48.3885001], [15.51428717, 48.38842921], [15.51441842, 48.38838573]]]}, "geometry_name": "geom", "properties": {"fs_kennung": 115602938.0, "snar_bezeichnung": "WEIN", "sl_flaeche_brutto_ha": 0.05715739, "inspire_id": "https://data.inspire.gv.at/0095/b2bd27c3-ccd9-4e5a-98ce-28deab1266f5/elu.ExistingLandUseObject/107456403/MFA-2025", "gml_id": "AT.0095.b2bd27c3-ccd9-4e5a-98ce-28deab1266f5.elu.ExistingLandUseObject.107456403.MFA-2025", "gml_identifier": "https://data.inspire.gv.at/0095/b2bd27c3-ccd9-4e5a-98ce-28deab1266f5/elu.ExistingLandUseObject/107456403/MFA-2025", "snar_code": "901", "geo_part_key": 18, "log_pkey": 3, "geom_date_created": "2022-10-01T21:59:36+02:00", "geo_type": "POLYGON", "gml_geom": "[B@227a91e8", "gml_length": null, "kz_bio_oepul_jn": null, "fart_id": 1856, "geo_id": 107456403}, "bbox": [15.51417925, 48.38838573, 15.51469351, 48.3886328]}, {"type": "Feature", "id": "invekos_schlaege_2025_1_polygon.1208756", "geometry": {"type": "Polygon", "coordinates": [[[15.51274982, 48.38741031], [15.51289445, 48.38760801], [15.51307911, 48.38787397], [15.51330379, 48.38819849], [15.51315341, 48.38824009], [15.51298381, 48.38796916], [15.51276564, 48.38763228], [15.5126225, 48.38745399], [15.51274982, 48.38741031]]]}, "geometry_name": "geom", "properties": {"fs_kennung": 115602938.0, "snar_bezeichnung": "WEIN", "sl_flaeche_brutto_ha": 0.10275517, "inspire_id": "https://data.inspire.gv.at/0095/b2bd27c3-ccd9-4e5a-98ce-28deab1266f5/elu.ExistingLandUseObject/107456404/MFA-2025", "gml_id": "AT.0095.b2bd27c3-ccd9-4e5a-98ce-28deab1266f5.elu.ExistingLandUseObject.107456404.MFA-2025", "gml_identifier": "https://data.inspire.gv.at/0095/b2bd27c3-ccd9-4e5a-98ce-28deab1266f5/elu.ExistingLandUseObject/107456404/MFA-2025", "snar_code": "901", "geo_part_key": 18, "log_pkey": 3, "geom_date_created": "2022-10-01T21:59:36+02:00", "geo_type": "POLYGON", "gml_geom": "[B@283f3b7a", "gml_length": null, "kz_bio_oepul_jn": null, "fart_id": 1856, "geo_id": 107456404}, "bbox": [15.5126225, 48.38741031, 15.51330379, 48.38824009]}, {"type": "Feature", "id": "invekos_schlaege_2025_1_polygon.1208757", "geometry": {"type": "Polygon", "coordinates": [[[15.51414395, 48.38848669], [15.51415714, 48.38849499], [15.51417925, 48.3884971], [15.51418125, 48.38850615], [15.51456906, 48.3886328], [15.5145173, 48.38870306], [15.51405021, 48.38854486], [15.51414395, 48.38848669]]]}, "geometry_name": "geom", "properties": {"fs_kennung": 115602938.0, "snar_bezeichnung": "WEIN", "sl_flaeche_brutto_ha": 0.03159039, "inspire_id": "https://data.inspire.gv.at/0095/b2bd27c3-ccd9-4e5a-98ce-28deab1266f5/elu.ExistingLandUseObject/107456407/MFA-2025", "gml_id": "AT.0095.b2bd27c3-ccd9-4e5a-98ce-28deab1266f5.elu.ExistingLandUseObject.107456407.MFA-2025", "gml_identifier": "https://data.inspire.gv.at/0095/b2bd27c3-ccd9-4e5a-98ce-28deab1266f5/elu.ExistingLandUseObject/107456407/MFA-2025", "snar_code": "901", "geo_part_key": 18, "log_pkey": 3, "geom_date_created": "2022-10-01T21:59:36+02:00", "geo_type": "POLYGON", "gml_geom": "[B@3a109147", "gml_length": null, "kz_bio_oepul_jn": null, "fart_id": 1856, "geo_id": 107456407}, "bbox": [15.51405021, 48.38848669, 15.51456906, 48.38870306]}, {"type": "Feature", "id": "invekos_schlaege_2025_1_polygon.1208758", "geometry": {"type": "Polygon", "coordinates": [[[15.5127875, 48.38739737], [15.51292704, 48.38757986], [15.51303813, 48.38773166], [15.51316921, 48.38792196], [15.51333985, 48.38818855], [15.51330379, 48.38819849], [15.51307911, 48.38787397], [15.51289445, 48.38760801], [15.51274982, 48.38741031], [15.5127875, 48.38739737]]]}, "geometry_name": "geom", "properties": {"fs_kennung": 115602938.0, "snar_bezeichnung": "WEIN", "sl_flaeche_brutto_ha": 0.03427689, "inspire_id": "https://data.inspire.gv.at/0095/b2bd27c3-ccd9-4e5a-98ce-28deab1266f5/elu.ExistingLandUseObject/107456408/MFA-2025", "gml_id": "AT.0095.b2bd27c3-ccd9-4e5a-98ce-28deab1266f5.elu.ExistingLandUseObject.107456408.MFA-2025", "gml_identifier": "https://data.inspire.gv.at/0095/b2bd27c3-ccd9-4e5a-98ce-28deab1266f5/elu.ExistingLandUseObject/107456408/MFA-2025", "snar_code": "901", "geo_part_key": 18, "log_pkey": 3, "geom_date_created": "2022-10-01T21:59:36+02:00", "geo_type": "POLYGON", "gml_geom": "[B@6560b217", "gml_length": null, "kz_bio_oepul_jn": null, "fart_id": 1856, "geo_id": 107456408}, "bbox": [15.51274982, 48.38739737, 15.51333985, 48.38819849]}, {"type": "Feature", "id": "invekos_schlaege_2025_1_polygon.1208759", "geometry": {"type": "Polygon", "coordinates": [[[15.51303588, 48.3873122], [15.51304659, 48.38731947], [15.51323743, 48.38753961], [15.5133202, 48.38763173], [15.51344603, 48.38779019], [15.51356687, 48.38791373], [15.51357025, 48.38791709], [15.51380184, 48.38813593], [15.51411148, 48.38842763], [15.51408706, 48.38844465], [15.51411565, 48.38846895], [15.51414395, 48.38848669], [15.51405021, 48.38854486], [15.51397415, 48.38851919], [15.51392035, 48.38848006], [15.5138866, 48.38848069], [15.51379421, 48.38842339], [15.51373038, 48.38833838], [15.51370059, 48.38826613], [15.5135447, 48.38813182], [15.51333985, 48.38818855], [15.51316921, 48.38792196], [15.51303813, 48.38773166], [15.51292704, 48.38757986], [15.5127875, 48.38739737], [15.51303588, 48.3873122]]]}, "geometry_name": "geom", "properties": {"fs_kennung": 115602938.0, "snar_bezeichnung": "WEIN", "sl_flaeche_brutto_ha": 0.33251318, "inspire_id": "https://data.inspire.gv.at/0095/b2bd27c3-ccd9-4e5a-98ce-28deab1266f5/elu.ExistingLandUseObject/115265534/MFA-2025", "gml_id": "AT.0095.b2bd27c3-ccd9-4e5a-98ce-28deab1266f5.elu.ExistingLandUseObject.115265534.MFA-2025", "gml_identifier": "https://data.inspire.gv.at/0095/b2bd27c3-ccd9-4e5a-98ce-28deab1266f5/elu.ExistingLandUseObject/115265534/MFA-2025", "snar_code": "901", "geo_part_key": 18, "log_pkey": 3, "geom_date_created": "2024-12-03T15:20:59+01:00", "geo_type": "POLYGON", "gml_geom": "[B@13638a82", "gml_length": null, "kz_bio_oepul_jn": null, "fart_id": 1856, "geo_id": 115265534}, "bbox": [15.5127875, 48.3873122, 15.51414395, 48.38854486]}, {"type": "Feature", "id": "invekos_schlaege_2025_1_polygon.1215969", "geometry": {"type": "Polygon", "coordinates": [[[15.5147861, 48.38954236], [15.5151244, 48.38965464], [15.51510421, 48.38967572], [15.51547951, 48.38979711], [15.51542971, 48.38985617], [15.51505175, 48.38974536], [15.5146499, 48.38962229], [15.5147861, 48.38954236]]]}, "geometry_name": "geom", "properties": {"fs_kennung": 115603001.0, "snar_bezeichnung": "WEIN", "sl_flaeche_brutto_ha": 0.06082189, "inspire_id": "https://data.inspire.gv.at/0095/b2bd27c3-ccd9-4e5a-98ce-28deab1266f5/elu.ExistingLandUseObject/107456479/MFA-2025", "gml_id": "AT.0095.b2bd27c3-ccd9-4e5a-98ce-28deab1266f5.elu.ExistingLandUseObject.107456479.MFA-2025", "gml_identifier": "https://data.inspire.gv.at/0095/b2bd27c3-ccd9-4e5a-98ce-28deab1266f5/elu.ExistingLandUseObject/107456479/MFA-2025", "snar_code": "901", "geo_part_key": 18, "log_pkey": 3, "geom_date_created": "2022-10-01T21:59:39+02:00", "geo_type": "POLYGON", "gml_geom": "[B@42d6877f", "gml_length": null, "kz_bio_oepul_jn": null, "fart_id": 1856, "geo_id": 107456479}, "bbox": [15.5146499, 48.38954236, 15.51547951, 48.38985617]}, {"type": "Feature", "id": "invekos_schlaege_2025_1_polygon.1215970", "geometry": {"type": "Polygon", "coordinates": [[[15.51474859, 48.39001845], [15.51434659, 48.38983087], [15.51444108, 48.38972626], [15.51533004, 48.39002055], [15.51529781, 48.3900701], [15.51522946, 48.39016991], [15.51474859, 48.39001845]]]}, "geometry_name": "geom", "properties": {"fs_kennung": 115603008.0, "snar_bezeichnung": "WEIN", "sl_flaeche_brutto_ha": 0.13017109, "inspire_id": "https://data.inspire.gv.at/0095/b2bd27c3-ccd9-4e5a-98ce-28deab1266f5/elu.ExistingLandUseObject/107456486/MFA-2025", "gml_id": "AT.0095.b2bd27c3-ccd9-4e5a-98ce-28deab1266f5.elu.ExistingLandUseObject.107456486.MFA-2025", "gml_identifier": "https://data.inspire.gv.at/0095/b2bd27c3-ccd9-4e5a-98ce-28deab1266f5/elu.ExistingLandUseObject/107456486/MFA-2025", "snar_code": "901", "geo_part_key": 18, "log_pkey": 3, "geom_date_created": "2022-10-01T21:59:40+02:00", "geo_type": "POLYGON", "gml_geom": "[B@7cf2bccb", "gml_length": null, "kz_bio_oepul_jn": null, "fart_id": 1856, "geo_id": 107456486}, "bbox": [15.51434659, 48.38972626, 15.51533004, 48.39016991]}, {"type": "Feature", "id": "invekos_schlaege_2025_1_polygon.1215971", "geometry": {"type": "Polygon", "coordinates": [[[15.50797767, 48.39137463], [15.50807837, 48.39124696], [15.50850063, 48.39147009], [15.50881527, 48.39163034], [15.50867547, 48.39175343], [15.50866236, 48.39174684], [15.50797767, 48.39137463]]]}, "geometry_name": "geom", "properties": {"fs_kennung": 115603010.0, "snar_bezeichnung": "WEIN", "sl_flaeche_brutto_ha": 0.11086775, "inspire_id": "https://data.inspire.gv.at/0095/b2bd27c3-ccd9-4e5a-98ce-28deab1266f5/elu.ExistingLandUseObject/107456499/MFA-2025", "gml_id": "AT.0095.b2bd27c3-ccd9-4e5a-98ce-28deab1266f5.elu.ExistingLandUseObject.107456499.MFA-2025", "gml_identifier": "https://data.inspire.gv.at/0095/b2bd27c3-ccd9-4e5a-98ce-28deab1266f5/elu.ExistingLandUseObject/107456499/MFA-2025", "snar_code": "901", "geo_part_key": 18, "log_pkey": 3, "geom_date_created": "2022-10-01T21:59:40+02:00", "geo_type": "POLYGON", "gml_geom": "[B@1ce25948", "gml_length": null, "kz_bio_oepul_jn": null, "fart_id": 1856, "geo_id": 107456499}, "bbox": [15.50797767, 48.39124696, 15.50881527, 48.39175343]}, {"type": "Feature", "id": "invekos_schlaege_2025_1_polygon.1215972", "geometry": {"type": "Polygon", "coordinates": [[[15.51452299, 48.39106838], [15.51461935, 48.39094069], [15.5146908, 48.39087601], [15.51477633, 48.39079594], [15.5149517, 48.39066453], [15.51511752, 48.39071353], [15.51527689, 48.39076347], [15.51497368, 48.39117676], [15.51477364, 48.39112678], [15.51452299, 48.39106838]]]}, "geometry_name": "geom", "properties": {"fs_kennung": 115603014.0, "snar_bezeichnung": "WEIN", "sl_flaeche_brutto_ha": 0.16994, "inspire_id": "https://data.inspire.gv.at/0095/b2bd27c3-ccd9-4e5a-98ce-28deab1266f5/elu.ExistingLandUseObject/107456502/MFA-2025", "gml_id": "AT.0095.b2bd27c3-ccd9-4e5a-98ce-28deab1266f5.elu.ExistingLandUseObject.107456502.MFA-2025", "gml_identifier": "https://data.inspire.gv.at/0095/b2bd27c3-ccd9-4e5a-98ce-28deab1266f5/elu.ExistingLandUseObject/107456502/MFA-2025", "snar_code": "901", "geo_part_key": 18, "log_pkey": 3, "geom_date_created": "2022-10-01T21:59:40+02:00", "geo_type": "POLYGON", "gml_geom": "[B@13daf7cc", "gml_length": null, "kz_bio_oepul_jn": null, "fart_id": 1856, "geo_id": 107456502}, "bbox": [15.51452299, 48.39066453, 15.51527689, 48.39117676]}, {"type": "Feature", "id": "invekos_schlaege_2025_1_polygon.1216527", "geometry": {"type": "Polygon", "coordinates": [[[15.51228775, 48.38909283], [15.5131507, 48.38946312], [15.51316231, 48.38946632], [15.51314855, 48.3894924], [15.51226556, 48.38912096], [15.51228775, 48.38909283]]]}, "geometry_name": "geom", "properties": {"fs_kennung": 115603030.0, "snar_bezeichnung": "WEIN", "sl_flaeche_brutto_ha": 0.02448744, "inspire_id": "https://data.inspire.gv.at/0095/b2bd27c3-ccd9-4e5a-98ce-28deab1266f5/elu.ExistingLandUseObject/114495995/MFA-2025", "gml_id": "AT.0095.b2bd27c3-ccd9-4e5a-98ce-28deab1266f5.elu.ExistingLandUseObject.114495995.MFA-2025", "gml_identifier": "https://data.inspire.gv.at/0095/b2bd27c3-ccd9-4e5a-98ce-28deab1266f5/elu.ExistingLandUseObject/114495995/MFA-2025", "snar_code": "901", "geo_part_key": 18, "log_pkey": 3, "geom_date_created": "2024-02-09T08:57:25+01:00", "geo_type": "POLYGON", "gml_geom": "[B@65c167b7", "gml_length": null, "kz_bio_oepul_jn": null, "fart_id": 1856, "geo_id": 114495995}, "bbox": [15.51226556, 48.38909283, 15.51316231, 48.3894924]}, {"type": "Feature", "id": "invekos_schlaege_2025_1_polygon.1216528", "geometry": {"type": "Polygon", "coordinates": [[[15.51349928, 48.39064819], [15.51351228, 48.39065514], [15.51369034, 48.39074154], [15.5135252, 48.39091721], [15.51332541, 48.39122968], [15.51334197, 48.39133087], [15.51322129, 48.3915229], [15.5129497, 48.39143258], [15.51264642, 48.39127618], [15.51266619, 48.39122263], [15.51284584, 48.39108358], [15.51283016, 48.39107686], [15.51305647, 48.39093235], [15.51349928, 48.39064819]]]}, "geometry_name": "geom", "properties": {"fs_kennung": 115602918.0, "snar_bezeichnung": "WEIN", "sl_flaeche_brutto_ha": 0.3206156, "inspire_id": "https://data.inspire.gv.at/0095/b2bd27c3-ccd9-4e5a-98ce-28deab1266f5/elu.ExistingLandUseObject/107456493/MFA-2025", "gml_id": "AT.0095.b2bd27c3-ccd9-4e5a-98ce-28deab1266f5.elu.ExistingLandUseObject.107456493.MFA-2025", "gml_identifier": "https://data.inspire.gv.at/0095/b2bd27c3-ccd9-4e5a-98ce-28deab1266f5/elu.ExistingLandUseObject/107456493/MFA-2025", "snar_code": "901", "geo_part_key": 18, "log_pkey": 3, "geom_date_created": "2022-10-01T21:59:40+02:00", "geo_type": "POLYGON", "gml_geom": "[B@cbc8b20", "gml_length": null, "kz_bio_oepul_jn": null, "fart_id": 1856, "geo_id": 107456493}, "bbox": [15.51264642, 48.39064819, 15.51369034, 48.3915229]}, {"type": "Feature", "id": "invekos_schlaege_2025_1_polygon.1216531", "geometry": {"type": "Polygon", "coordinates": [[[15.51366936, 48.38855143], [15.51443726, 48.38881082], [15.51434901, 48.38892576], [15.5143421, 48.38893156], [15.51357602, 48.38865773], [15.51365699, 48.38856552], [15.51366936, 48.38855143]]]}, "geometry_name": "geom", "properties": {"fs_kennung": 115602938.0, "snar_bezeichnung": "WEIN", "sl_flaeche_brutto_ha": 0.09247861, "inspire_id": "https://data.inspire.gv.at/0095/b2bd27c3-ccd9-4e5a-98ce-28deab1266f5/elu.ExistingLandUseObject/107456398/MFA-2025", "gml_id": "AT.0095.b2bd27c3-ccd9-4e5a-98ce-28deab1266f5.elu.ExistingLandUseObject.107456398.MFA-2025", "gml_identifier": "https://data.inspire.gv.at/0095/b2bd27c3-ccd9-4e5a-98ce-28deab1266f5/elu.ExistingLandUseObject/107456398/MFA-2025", "snar_code": "901", "geo_part_key": 18, "log_pkey": 3, "geom_date_created": "2022-10-01T21:59:35+02:00", "geo_type": "POLYGON", "gml_geom": "[B@29aabe6", "gml_length": null, "kz_bio_oepul_jn": null, "fart_id": 1856, "geo_id": 107456398}, "bbox": [15.51357602, 48.38855143, 15.51443726, 48.38893156]}, {"type": "Feature", "id": "invekos_schlaege_2025_1_polygon.1216591", "geometry": {"type": "Polygon", "coordinates": [[[15.51334445, 48.39130968], [15.51336448, 48.39123974], [15.51340987, 48.39114972], [15.51348718, 48.39116637], [15.51361876, 48.39117894], [15.51377358, 48.3911881], [15.51387393, 48.39119379], [15.51394359, 48.39119249], [15.51432841, 48.39127655], [15.51411762, 48.3915104], [15.51409467, 48.39150758], [15.51397066, 48.39147607], [15.51367416, 48.39139405], [15.51334445, 48.39130968]]]}, "geometry_name": "geom", "properties": {"fs_kennung": 115602888.0, "snar_bezeichnung": "WEIN", "sl_flaeche_brutto_ha": 0.16468728, "inspire_id": "https://data.inspire.gv.at/0095/b2bd27c3-ccd9-4e5a-98ce-28deab1266f5/elu.ExistingLandUseObject/107394983/MFA-2025", "gml_id": "AT.0095.b2bd27c3-ccd9-4e5a-98ce-28deab1266f5.elu.ExistingLandUseObject.107394983.MFA-2025", "gml_identifier": "https://data.inspire.gv.at/0095/b2bd27c3-ccd9-4e5a-98ce-28deab1266f5/elu.ExistingLandUseObject/107394983/MFA-2025", "snar_code": "901", "geo_part_key": 18, "log_pkey": 3, "geom_date_created": "2022-10-01T21:11:55+02:00", "geo_type": "POLYGON", "gml_geom": "[B@463a48ee", "gml_length": null, "kz_bio_oepul_jn": null, "fart_id": 1856, "geo_id": 107394983}, "bbox": [15.51334445, 48.39114972, 15.51432841, 48.3915104]}, {"type": "Feature", "id": "invekos_schlaege_2025_1_polygon.1216621", "geometry": {"type": "Polygon", "coordinates": [[[15.51224452, 48.38914762], [15.51252967, 48.38926846], [15.51293635, 48.38943886], [15.51311142, 48.38951217], [15.51313262, 48.38952159], [15.51310602, 48.38955412], [15.51308475, 48.389543], [15.51222477, 48.38917274], [15.51224452, 48.38914762]]]}, "geometry_name": "geom", "properties": {"fs_kennung": 115603030.0, "snar_bezeichnung": "WEIN", "sl_flaeche_brutto_ha": 0.02734025, "inspire_id": "https://data.inspire.gv.at/0095/b2bd27c3-ccd9-4e5a-98ce-28deab1266f5/elu.ExistingLandUseObject/114495986/MFA-2025", "gml_id": "AT.0095.b2bd27c3-ccd9-4e5a-98ce-28deab1266f5.elu.ExistingLandUseObject.114495986.MFA-2025", "gml_identifier": "https://data.inspire.gv.at/0095/b2bd27c3-ccd9-4e5a-98ce-28deab1266f5/elu.ExistingLandUseObject/114495986/MFA-2025", "snar_code": "901", "geo_part_key": 18, "log_pkey": 3, "geom_date_created": "2024-02-09T08:56:42+01:00", "geo_type": "POLYGON", "gml_geom": "[B@28286341", "gml_length": null, "kz_bio_oepul_jn": null, "fart_id": 1856, "geo_id": 114495986}, "bbox": [15.51222477, 48.38914762, 15.51313262, 48.38955412]}, {"type": "Feature", "id": "invekos_schlaege_2025_1_polygon.1216622", "geometry": {"type": "Polygon", "coordinates": [[[15.51641294, 48.38935107], [15.51635481, 48.38933425], [15.51643025, 48.38922639], [15.51649484, 48.38912728], [15.51652017, 48.38909036], [15.51664528, 48.38911925], [15.51673456, 48.3891443], [15.51695973, 48.3892074], [15.51694642, 48.38922493], [15.51689245, 48.38930035], [15.51678618, 48.3894653], [15.51661047, 48.3894218], [15.51656475, 48.38941086], [15.5164886, 48.38939267], [15.51641418, 48.38937417], [15.51641294, 48.38935107]]]}, "geometry_name": "geom", "properties": {"fs_kennung": 115602913.0, "snar_bezeichnung": "MARILLEN", "sl_flaeche_brutto_ha": 0.11064126, "inspire_id": "https://data.inspire.gv.at/0095/b2bd27c3-ccd9-4e5a-98ce-28deab1266f5/elu.ExistingLandUseObject/115265278/MFA-2025", "gml_id": "AT.0095.b2bd27c3-ccd9-4e5a-98ce-28deab1266f5.elu.ExistingLandUseObject.115265278.MFA-2025", "gml_identifier": "https://data.inspire.gv.at/0095/b2bd27c3-ccd9-4e5a-98ce-28deab1266f5/elu.ExistingLandUseObject/115265278/MFA-2025", "snar_code": "813", "geo_part_key": 18, "log_pkey": 3, "geom_date_created": "2024-12-03T15:10:45+01:00", "geo_type": "POLYGON", "gml_geom": "[B@40a518ef", "gml_length": null, "kz_bio_oepul_jn": null, "fart_id": 1856, "geo_id": 115265278}, "bbox": [15.51635481, 48.38909036, 15.51695973, 48.3894653]}, {"type": "Feature", "id": "invekos_schlaege_2025_1_polygon.1216624", "geometry": {"type": "Polygon", "coordinates": [[[15.5133174, 48.39042599], [15.51359294, 48.39053981], [15.51368374, 48.39057528], [15.51381694, 48.390623], [15.51397811, 48.39067389], [15.51417865, 48.39072963], [15.51463915, 48.3908623], [15.51456172, 48.39094555], [15.51407416, 48.39082786], [15.51401254, 48.39082748], [15.51373855, 48.3907508], [15.51369034, 48.39074154], [15.51351228, 48.39065514], [15.51319817, 48.39048545], [15.5133174, 48.39042599]]]}, "geometry_name": "geom", "properties": {"fs_kennung": 115602918.0, "snar_bezeichnung": "WEIN", "sl_flaeche_brutto_ha": 0.14766095, "inspire_id": "https://data.inspire.gv.at/0095/b2bd27c3-ccd9-4e5a-98ce-28deab1266f5/elu.ExistingLandUseObject/107456492/MFA-2025", "gml_id": "AT.0095.b2bd27c3-ccd9-4e5a-98ce-28deab1266f5.elu.ExistingLandUseObject.107456492.MFA-2025", "gml_identifier": "https://data.inspire.gv.at/0095/b2bd27c3-ccd9-4e5a-98ce-28deab1266f5/elu.ExistingLandUseObject/107456492/MFA-2025", "snar_code": "901", "geo_part_key": 18, "log_pkey": 3, "geom_date_created": "2022-10-01T21:59:40+02:00", "geo_type": "POLYGON", "gml_geom": "[B@17375e86", "gml_length": null, "kz_bio_oepul_jn": null, "fart_id": 1856, "geo_id": 107456492}, "bbox": [15.51319817, 48.39042599, 15.51463915, 48.39094555]}, {"type": "Feature", "id": "invekos_schlaege_2025_1_polygon.1216628", "geometry": {"type": "Polygon", "coordinates": [[[15.51138712, 48.38943294], [15.51150464, 48.38916575], [15.51170446, 48.38871587], [15.5117595, 48.38869793], [15.51196547, 48.38874466], [15.51227812, 48.38882548], [15.51217831, 48.38905096], [15.51217448, 48.38909476], [15.51221131, 48.38907743], [15.51238709, 48.3888625], [15.51243574, 48.38886618], [15.51241317, 48.38887542], [15.51231427, 48.38899101], [15.51222155, 48.38909946], [15.5121961, 48.38913359], [15.51216668, 48.38920505], [15.51218308, 48.38924146], [15.51226853, 48.38932661], [15.51212496, 48.38962317], [15.51138712, 48.38943294]]]}, "geometry_name": "geom", "properties": {"fs_kennung": 115602933.0, "snar_bezeichnung": "WEIN", "sl_flaeche_brutto_ha": 0.45497707, "inspire_id": "https://data.inspire.gv.at/0095/b2bd27c3-ccd9-4e5a-98ce-28deab1266f5/elu.ExistingLandUseObject/115265271/MFA-2025", "gml_id": "AT.0095.b2bd27c3-ccd9-4e5a-98ce-28deab1266f5.elu.ExistingLandUseObject.115265271.MFA-2025", "gml_identifier": "https://data.inspire.gv.at/0095/b2bd27c3-ccd9-4e5a-98ce-28deab1266f5/elu.ExistingLandUseObject/115265271/MFA-2025", "snar_code": "901", "geo_part_key": 18, "log_pkey": 3, "geom_date_created": "2024-12-03T15:09:57+01:00", "geo_type": "POLYGON", "gml_geom": "[B@3de09b6", "gml_length": null, "kz_bio_oepul_jn": null, "fart_id": 1856, "geo_id": 115265271}, "bbox": [15.51138712, 48.38869793, 15.51243574, 48.38962317]}, {"type": "Feature", "id": "invekos_schlaege_2025_1_polygon.1216629", "geometry": {"type": "Polygon", "coordinates": [[[15.51427281, 48.38898982], [15.51420319, 48.38896628], [15.51389495, 48.38932739], [15.51383818, 48.38930442], [15.51355306, 48.38919393], [15.51353809, 48.38918809], [15.51329875, 48.38911589], [15.51319809, 48.38908367], [15.51336867, 48.38889934], [15.51351065, 48.38873202], [15.51357602, 48.38865773], [15.51434223, 48.38893156], [15.51427281, 48.38898982]]]}, "geometry_name": "geom", "properties": {"fs_kennung": 115602938.0, "snar_bezeichnung": "WEIN", "sl_flaeche_brutto_ha": 0.31624793, "inspire_id": "https://data.inspire.gv.at/0095/b2bd27c3-ccd9-4e5a-98ce-28deab1266f5/elu.ExistingLandUseObject/115265241/MFA-2025", "gml_id": "AT.0095.b2bd27c3-ccd9-4e5a-98ce-28deab1266f5.elu.ExistingLandUseObject.115265241.MFA-2025", "gml_identifier": "https://data.inspire.gv.at/0095/b2bd27c3-ccd9-4e5a-98ce-28deab1266f5/elu.ExistingLandUseObject/115265241/MFA-2025", "snar_code": "901", "geo_part_key": 18, "log_pkey": 3, "geom_date_created": "2024-12-03T15:08:10+01:00", "geo_type": "POLYGON", "gml_geom": "[B@680750e7", "gml_length": null, "kz_bio_oepul_jn": null, "fart_id": 1856, "geo_id": 115265241}, "bbox": [15.51319809, 48.38865773, 15.51434223, 48.38932739]}, {"type": "Feature", "id": "invekos_schlaege_2025_1_polygon.1217063", "geometry": {"type": "Polygon", "coordinates": [[[15.51488333, 48.3894547], [15.51557421, 48.38968466], [15.51547951, 48.38979711], [15.51510421, 48.38967572], [15.5151244, 48.38965464], [15.5147861, 48.38954236], [15.5146499, 48.38962229], [15.51463046, 48.38961636], [15.51488333, 48.3894547]]]}, "geometry_name": "geom", "properties": {"fs_kennung": 115603001.0, "snar_bezeichnung": "WEIN", "sl_flaeche_brutto_ha": 0.08061826, "inspire_id": "https://data.inspire.gv.at/0095/b2bd27c3-ccd9-4e5a-98ce-28deab1266f5/elu.ExistingLandUseObject/107456482/MFA-2025", "gml_id": "AT.0095.b2bd27c3-ccd9-4e5a-98ce-28deab1266f5.elu.ExistingLandUseObject.107456482.MFA-2025", "gml_identifier": "https://data.inspire.gv.at/0095/b2bd27c3-ccd9-4e5a-98ce-28deab1266f5/elu.ExistingLandUseObject/107456482/MFA-2025", "snar_code": "901", "geo_part_key": 18, "log_pkey": 3, "geom_date_created": "2022-10-01T21:59:39+02:00", "geo_type": "POLYGON", "gml_geom": "[B@8d4f68", "gml_length": null, "kz_bio_oepul_jn": null, "fart_id": 1856, "geo_id": 107456482}, "bbox": [15.51463046, 48.3894547, 15.51557421, 48.38979711]}, {"type": "Feature", "id": "invekos_schlaege_2025_1_polygon.1217158", "geometry": {"type": "Polygon", "coordinates": [[[15.51192309, 48.38839847], [15.51193215, 48.38833783], [15.5120106, 48.38815361], [15.51218403, 48.38812698], [15.51239524, 48.38809919], [15.51281896, 48.38804557], [15.51290577, 48.38820475], [15.51292224, 48.38826546], [15.51290369, 48.3882901], [15.51277733, 48.38830838], [15.51258065, 48.38833473], [15.51245993, 48.38834598], [15.51225242, 48.38837181], [15.51192309, 48.38839847]]]}, "geometry_name": "geom", "properties": {"fs_kennung": 115602955.0, "snar_bezeichnung": "WEIN", "sl_flaeche_brutto_ha": 0.19129329, "inspire_id": "https://data.inspire.gv.at/0095/b2bd27c3-ccd9-4e5a-98ce-28deab1266f5/elu.ExistingLandUseObject/107456416/MFA-2025", "gml_id": "AT.0095.b2bd27c3-ccd9-4e5a-98ce-28deab1266f5.elu.ExistingLandUseObject.107456416.MFA-2025", "gml_identifier": "https://data.inspire.gv.at/0095/b2bd27c3-ccd9-4e5a-98ce-28deab1266f5/elu.ExistingLandUseObject/107456416/MFA-2025", "snar_code": "901", "geo_part_key": 18, "log_pkey": 3, "geom_date_created": "2022-10-01T21:59:36+02:00", "geo_type": "POLYGON", "gml_geom": "[B@2d63e291", "gml_length": null, "kz_bio_oepul_jn": null, "fart_id": 1856, "geo_id": 107456416}, "bbox": [15.51192309, 48.38804557, 15.51292224, 48.38839847]}, {"type": "Feature", "id": "invekos_schlaege_2025_1_polygon.1217161", "geometry": {"type": "Polygon", "coordinates": [[[15.50838784, 48.38770238], [15.50843991, 48.38767792], [15.50848733, 48.38766525], [15.50852941, 48.387657], [15.5085668, 48.38765945], [15.50865747, 48.38768557], [15.50873608, 48.38772064], [15.508853, 48.38777659], [15.50891166, 48.38780627], [15.50904516, 48.38788711], [15.50914604, 48.38794417], [15.50903689, 48.38805391], [15.50903621, 48.3881566], [15.50890758, 48.38821092], [15.50874852, 48.38804579], [15.50852328, 48.387836], [15.50838784, 48.38770238]]]}, "geometry_name": "geom", "properties": {"fs_kennung": 115602965.0, "snar_bezeichnung": "WEIN", "sl_flaeche_brutto_ha": 0.14968562, "inspire_id": "https://data.inspire.gv.at/0095/b2bd27c3-ccd9-4e5a-98ce-28deab1266f5/elu.ExistingLandUseObject/107456431/MFA-2025", "gml_id": "AT.0095.b2bd27c3-ccd9-4e5a-98ce-28deab1266f5.elu.ExistingLandUseObject.107456431.MFA-2025", "gml_identifier": "https://data.inspire.gv.at/0095/b2bd27c3-ccd9-4e5a-98ce-28deab1266f5/elu.ExistingLandUseObject/107456431/MFA-2025", "snar_code": "901", "geo_part_key": 18, "log_pkey": 3, "geom_date_created": "2022-10-01T21:59:37+02:00", "geo_type": "POLYGON", "gml_geom": "[B@5e03cd32", "gml_length": null, "kz_bio_oepul_jn": null, "fart_id": 1856, "geo_id": 107456431}, "bbox": [15.50838784, 48.387657, 15.50914604, 48.38821092]}, {"type": "Feature", "id": "invekos_schlaege_2025_1_polygon.1218243", "geometry": {"type": "Polygon", "coordinates": [[[15.50813406, 48.39115747], [15.50821588, 48.39108864], [15.50859416, 48.39126489], [15.50883798, 48.3913893], [15.50926634, 48.3915935], [15.50917869, 48.39168431], [15.50864405, 48.3914074], [15.50813406, 48.39115747]]]}, "geometry_name": "geom", "properties": {"fs_kennung": 115602898.0, "snar_bezeichnung": "WEIN", "sl_flaeche_brutto_ha": 0.10264161, "inspire_id": "https://data.inspire.gv.at/0095/b2bd27c3-ccd9-4e5a-98ce-28deab1266f5/elu.ExistingLandUseObject/107394994/MFA-2025", "gml_id": "AT.0095.b2bd27c3-ccd9-4e5a-98ce-28deab1266f5.elu.ExistingLandUseObject.107394994.MFA-2025", "gml_identifier": "https://data.inspire.gv.at/0095/b2bd27c3-ccd9-4e5a-98ce-28deab1266f5/elu.ExistingLandUseObject/107394994/MFA-2025", "snar_code": "901", "geo_part_key": 18, "log_pkey": 3, "geom_date_created": "2022-10-01T21:11:55+02:00", "geo_type": "POLYGON", "gml_geom": "[B@c513e7d", "gml_length": null, "kz_bio_oepul_jn": null, "fart_id": 1856, "geo_id": 107394994}, "bbox": [15.50813406, 48.39108864, 15.50926634, 48.39168431]}, {"type": "Feature", "id": "invekos_schlaege_2025_1_polygon.1218244", "geometry": {"type": "Polygon", "coordinates": [[[15.50817573, 48.39104619], [15.50841947, 48.39073742], [15.50858761, 48.39057168], [15.5087643, 48.39066422], [15.5089481, 48.39074278], [15.50846993, 48.39118955], [15.50817573, 48.39104619]]]}, "geometry_name": "geom", "properties": {"fs_kennung": 115602900.0, "snar_bezeichnung": "WEIN", "sl_flaeche_brutto_ha": 0.18517655, "inspire_id": "https://data.inspire.gv.at/0095/b2bd27c3-ccd9-4e5a-98ce-28deab1266f5/elu.ExistingLandUseObject/115264917/MFA-2025", "gml_id": "AT.0095.b2bd27c3-ccd9-4e5a-98ce-28deab1266f5.elu.ExistingLandUseObject.115264917.MFA-2025", "gml_identifier": "https://data.inspire.gv.at/0095/b2bd27c3-ccd9-4e5a-98ce-28deab1266f5/elu.ExistingLandUseObject/115264917/MFA-2025", "snar_code": "901", "geo_part_key": 18, "log_pkey": 3, "geom_date_created": "2024-12-03T14:54:46+01:00", "geo_type": "POLYGON", "gml_geom": "[B@66cdc690", "gml_length": null, "kz_bio_oepul_jn": null, "fart_id": 1856, "geo_id": 115264917}, "bbox": [15.50817573, 48.39057168, 15.5089481, 48.39118955]}, {"type": "Feature", "id": "invekos_schlaege_2025_1_polygon.1218247", "geometry": {"type": "Polygon", "coordinates": [[[15.51216719, 48.39112846], [15.5128748, 48.39152127], [15.5128753, 48.39154933], [15.51268892, 48.3916922], [15.51267018, 48.39166753], [15.51193338, 48.39126177], [15.51197574, 48.39123443], [15.51216719, 48.39112846]]]}, "geometry_name": "geom", "properties": {"fs_kennung": 115602883.0, "snar_bezeichnung": "WEIN", "sl_flaeche_brutto_ha": 0.16084665, "inspire_id": "https://data.inspire.gv.at/0095/b2bd27c3-ccd9-4e5a-98ce-28deab1266f5/elu.ExistingLandUseObject/107394979/MFA-2025", "gml_id": "AT.0095.b2bd27c3-ccd9-4e5a-98ce-28deab1266f5.elu.ExistingLandUseObject.107394979.MFA-2025", "gml_identifier": "https://data.inspire.gv.at/0095/b2bd27c3-ccd9-4e5a-98ce-28deab1266f5/elu.ExistingLandUseObject/107394979/MFA-2025", "snar_code": "901", "geo_part_key": 18, "log_pkey": 3, "geom_date_created": "2022-10-01T21:11:55+02:00", "geo_type": "POLYGON", "gml_geom": "[B@5488d7b2", "gml_length": null, "kz_bio_oepul_jn": null, "fart_id": 1856, "geo_id": 107394979}, "bbox": [15.51193338, 48.39112846, 15.5128753, 48.3916922]}, {"type": "Feature", "id": "invekos_schlaege_2025_1_polygon.1543248", "geometry": {"type": "Polygon", "coordinates": [[[15.51225545, 48.39117747], [15.5124151, 48.39110251], [15.51259339, 48.3909759], [15.51283443, 48.39107876], [15.51270061, 48.39119292], [15.51262363, 48.391274], [15.51294001, 48.39144626], [15.51286539, 48.39151604], [15.51225545, 48.39117747]]]}, "geometry_name": "geom", "properties": {"fs_kennung": 115538643.0, "snar_bezeichnung": "WEIN", "sl_flaeche_brutto_ha": 0.11004919, "inspire_id": "https://data.inspire.gv.at/0095/b2bd27c3-ccd9-4e5a-98ce-28deab1266f5/elu.ExistingLandUseObject/107409655/MFA-2025", "gml_id": "AT.0095.b2bd27c3-ccd9-4e5a-98ce-28deab1266f5.elu.ExistingLandUseObject.107409655.MFA-2025", "gml_identifier": "https://data.inspire.gv.at/0095/b2bd27c3-ccd9-4e5a-98ce-28deab1266f5/elu.ExistingLandUseObject/107409655/MFA-2025", "snar_code": "901", "geo_part_key": 18, "log_pkey": 3, "geom_date_created": "2022-10-01T21:24:24+02:00", "geo_type": "POLYGON", "gml_geom": "[B@1422ea4c", "gml_length": null, "kz_bio_oepul_jn": null, "fart_id": 1856, "geo_id": 107409655}, "bbox": [15.51225545, 48.3909759, 15.51294001, 48.39151604]}, {"type": "Feature", "id": "invekos_schlaege_2025_1_polygon.1543254", "geometry": {"type": "Polygon", "coordinates": [[[15.5134965, 48.39115026], [15.51341896, 48.39113767], [15.51344145, 48.39108785], [15.51354144, 48.39094048], [15.51383165, 48.3909886], [15.51447756, 48.39111251], [15.51435175, 48.39127584], [15.51416711, 48.39123862], [15.51394359, 48.39119249], [15.51371539, 48.39117947], [15.5134965, 48.39115026]]]}, "geometry_name": "geom", "properties": {"fs_kennung": 115538685.0, "snar_bezeichnung": "WEIN", "sl_flaeche_brutto_ha": 0.1510339, "inspire_id": "https://data.inspire.gv.at/0095/b2bd27c3-ccd9-4e5a-98ce-28deab1266f5/elu.ExistingLandUseObject/107409692/MFA-2025", "gml_id": "AT.0095.b2bd27c3-ccd9-4e5a-98ce-28deab1266f5.elu.ExistingLandUseObject.107409692.MFA-2025", "gml_identifier": "https://data.inspire.gv.at/0095/b2bd27c3-ccd9-4e5a-98ce-28deab1266f5/elu.ExistingLandUseObject/107409692/MFA-2025", "snar_code": "901", "geo_part_key": 18, "log_pkey": 3, "geom_date_created": "2022-10-01T21:24:26+02:00", "geo_type": "POLYGON", "gml_geom": "[B@11058c63", "gml_length": null, "kz_bio_oepul_jn": null, "fart_id": 1856, "geo_id": 107409692}, "bbox": [15.51341896, 48.39094048, 15.51447756, 48.39127584]}, {"type": "Feature", "id": "invekos_schlaege_2025_1_polygon.1543257", "geometry": {"type": "Polygon", "coordinates": [[[15.514635, 48.38857533], [15.51469902, 48.38845625], [15.51474633, 48.38838617], [15.51478347, 48.3883377], [15.51501961, 48.38834048], [15.51521549, 48.38834006], [15.51540167, 48.38832759], [15.51562913, 48.38836167], [15.51555842, 48.38849509], [15.51542476, 48.388696], [15.51510907, 48.38864908], [15.514635, 48.38857533]]]}, "geometry_name": "geom", "properties": {"fs_kennung": 115538703.0, "snar_bezeichnung": "WEIN", "sl_flaeche_brutto_ha": 0.21302771, "inspire_id": "https://data.inspire.gv.at/0095/b2bd27c3-ccd9-4e5a-98ce-28deab1266f5/elu.ExistingLandUseObject/107409705/MFA-2025", "gml_id": "AT.0095.b2bd27c3-ccd9-4e5a-98ce-28deab1266f5.elu.ExistingLandUseObject.107409705.MFA-2025", "gml_identifier": "https://data.inspire.gv.at/0095/b2bd27c3-ccd9-4e5a-98ce-28deab1266f5/elu.ExistingLandUseObject/107409705/MFA-2025", "snar_code": "901", "geo_part_key": 18, "log_pkey": 3, "geom_date_created": "2022-10-01T21:24:27+02:00", "geo_type": "POLYGON", "gml_geom": "[B@19f43195", "gml_length": null, "kz_bio_oepul_jn": null, "fart_id": 1856, "geo_id": 107409705}, "bbox": [15.514635, 48.38832759, 15.51562913, 48.388696]}, {"type": "Feature", "id": "invekos_schlaege_2025_1_polygon.1543258", "geometry": {"type": "Polygon", "coordinates": [[[15.51476231, 48.38704897], [15.51500524, 48.38707845], [15.51552075, 48.38747555], [15.51618299, 48.38793361], [15.51611483, 48.38796422], [15.51602591, 48.38790271], [15.51596383, 48.38793303], [15.51507502, 48.38729185], [15.51476231, 48.38704897]]]}, "geometry_name": "geom", "properties": {"fs_kennung": 115538708.0, "snar_bezeichnung": "WEIN", "sl_flaeche_brutto_ha": 0.14605687, "inspire_id": "https://data.inspire.gv.at/0095/b2bd27c3-ccd9-4e5a-98ce-28deab1266f5/elu.ExistingLandUseObject/107409707/MFA-2025", "gml_id": "AT.0095.b2bd27c3-ccd9-4e5a-98ce-28deab1266f5.elu.ExistingLandUseObject.107409707.MFA-2025", "gml_identifier": "https://data.inspire.gv.at/0095/b2bd27c3-ccd9-4e5a-98ce-28deab1266f5/elu.ExistingLandUseObject/107409707/MFA-2025", "snar_code": "901", "geo_part_key": 18, "log_pkey": 3, "geom_date_created": "2022-10-01T21:24:27+02:00", "geo_type": "POLYGON", "gml_geom": "[B@bd3405e", "gml_length": null, "kz_bio_oepul_jn": null, "fart_id": 1856, "geo_id": 107409707}, "bbox": [15.51476231, 48.38704897, 15.51618299, 48.38796422]}, {"type": "Feature", "id": "invekos_schlaege_2025_1_polygon.1543809", "geometry": {"type": "Polygon", "coordinates": [[[15.511192, 48.39102301], [15.51123247, 48.39088332], [15.51134097, 48.39079041], [15.51158042, 48.39061461], [15.51152237, 48.39058357], [15.51154956, 48.39048462], [15.51171133, 48.39030587], [15.51210736, 48.39049302], [15.51252501, 48.39070884], [15.51242819, 48.39077121], [15.51234958, 48.39089695], [15.51226668, 48.39096895], [15.51201607, 48.39111391], [15.51176338, 48.39127061], [15.511716, 48.39129732], [15.51164691, 48.39126729], [15.51155811, 48.39120857], [15.51153787, 48.39122199], [15.511192, 48.39102301]]]}, "geometry_name": "geom", "properties": {"fs_kennung": 115538714.0, "snar_bezeichnung": "WEIN", "sl_flaeche_brutto_ha": 0.57504292, "inspire_id": "https://data.inspire.gv.at/0095/b2bd27c3-ccd9-4e5a-98ce-28deab1266f5/elu.ExistingLandUseObject/107409711/MFA-2025", "gml_id": "AT.0095.b2bd27c3-ccd9-4e5a-98ce-28deab1266f5.elu.ExistingLandUseObject.107409711.MFA-2025", "gml_identifier": "https://data.inspire.gv.at/0095/b2bd27c3-ccd9-4e5a-98ce-28deab1266f5/elu.ExistingLandUseObject/107409711/MFA-2025", "snar_code": "901", "geo_part_key": 18, "log_pkey": 3, "geom_date_created": "2022-10-01T21:24:27+02:00", "geo_type": "POLYGON", "gml_geom": "[B@820bbe2", "gml_length": null, "kz_bio_oepul_jn": null, "fart_id": 1856, "geo_id": 107409711}, "bbox": [15.511192, 48.39030587, 15.51252501, 48.39129732]}, {"type": "Feature", "id": "invekos_schlaege_2025_1_polygon.1548995", "geometry": {"type": "Polygon", "coordinates": [[[15.51629463, 48.38851525], [15.51628201, 48.3884849], [15.51613154, 48.38829019], [15.51610222, 48.38826122], [15.51608047, 48.3882421], [15.51616022, 48.38820453], [15.5165501, 48.38803086], [15.51657408, 48.38806443], [15.516611, 48.38814877], [15.51665398, 48.38832875], [15.51669002, 48.38853945], [15.51660568, 48.38856748], [15.51654588, 48.38858804], [15.51650642, 48.38859723], [15.51645813, 48.38856718], [15.51629463, 48.38851525]]]}, "geometry_name": "geom", "properties": {"fs_kennung": 115602950.0, "snar_bezeichnung": "WEIN", "sl_flaeche_brutto_ha": 0.16852692, "inspire_id": "https://data.inspire.gv.at/0095/b2bd27c3-ccd9-4e5a-98ce-28deab1266f5/elu.ExistingLandUseObject/107375343/MFA-2025", "gml_id": "AT.0095.b2bd27c3-ccd9-4e5a-98ce-28deab1266f5.elu.ExistingLandUseObject.107375343.MFA-2025", "gml_identifier": "https://data.inspire.gv.at/0095/b2bd27c3-ccd9-4e5a-98ce-28deab1266f5/elu.ExistingLandUseObject/107375343/MFA-2025", "snar_code": "901", "geo_part_key": 18, "log_pkey": 3, "geom_date_created": "2022-10-01T20:52:59+02:00", "geo_type": "POLYGON", "gml_geom": "[B@357b5811", "gml_length": null, "kz_bio_oepul_jn": null, "fart_id": 1856, "geo_id": 107375343}, "bbox": [15.51608047, 48.38803086, 15.51669002, 48.38859723]}, {"type": "Feature", "id": "invekos_schlaege_2025_1_polygon.1548996", "geometry": {"type": "Polygon", "coordinates": [[[15.51723619, 48.38837482], [15.51750872, 48.38795256], [15.51754169, 48.38793682], [15.51774905, 48.38788813], [15.51785151, 48.38786705], [15.51784879, 48.38787304], [15.51783378, 48.38790148], [15.51779252, 48.38797397], [15.51767369, 48.38818991], [15.51758321, 48.38834791], [15.51753191, 48.38842904], [15.51749814, 48.38847719], [15.51737996, 48.38843953], [15.51720848, 48.38841628], [15.51723619, 48.38837482]]]}, "geometry_name": "geom", "properties": {"fs_kennung": 115602975.0, "snar_bezeichnung": "GRÜNBRACHE", "sl_flaeche_brutto_ha": 0.13926658, "inspire_id": "https://data.inspire.gv.at/0095/b2bd27c3-ccd9-4e5a-98ce-28deab1266f5/elu.ExistingLandUseObject/114507971/MFA-2025", "gml_id": "AT.0095.b2bd27c3-ccd9-4e5a-98ce-28deab1266f5.elu.ExistingLandUseObject.114507971.MFA-2025", "gml_identifier": "https://data.inspire.gv.at/0095/b2bd27c3-ccd9-4e5a-98ce-28deab1266f5/elu.ExistingLandUseObject/114507971/MFA-2025", "snar_code": "771", "geo_part_key": 18, "log_pkey": 3, "geom_date_created": "2024-02-12T14:40:12+01:00", "geo_type": "POLYGON", "gml_geom": "[B@dbbafb2", "gml_length": null, "kz_bio_oepul_jn": null, "fart_id": 1856, "geo_id": 114507971}, "bbox": [15.51720848, 48.38786705, 15.51785151, 48.38847719]}, {"type": "Feature", "id": "invekos_schlaege_2025_1_polygon.1549003", "geometry": {"type": "Polygon", "coordinates": [[[15.5090869, 48.38826355], [15.5091835, 48.38846934], [15.50917343, 48.38848708], [15.50913809, 48.3884979], [15.5090979, 48.38850612], [15.50906758, 48.38850479], [15.50903401, 48.38847411], [15.50898667, 48.38838617], [15.50891749, 48.38824754], [15.50896625, 48.38823754], [15.50906556, 48.38822498], [15.5090869, 48.38826355]]]}, "geometry_name": "geom", "properties": {"fs_kennung": 115603040.0, "snar_bezeichnung": "WEIN", "sl_flaeche_brutto_ha": 0.03377757, "inspire_id": "https://data.inspire.gv.at/0095/b2bd27c3-ccd9-4e5a-98ce-28deab1266f5/elu.ExistingLandUseObject/107394980/MFA-2025", "gml_id": "AT.0095.b2bd27c3-ccd9-4e5a-98ce-28deab1266f5.elu.ExistingLandUseObject.107394980.MFA-2025", "gml_identifier": "https://data.inspire.gv.at/0095/b2bd27c3-ccd9-4e5a-98ce-28deab1266f5/elu.ExistingLandUseObject/107394980/MFA-2025", "snar_code": "901", "geo_part_key": 18, "log_pkey": 3, "geom_date_created": "2022-10-01T21:11:55+02:00", "geo_type": "POLYGON", "gml_geom": "[B@1cfbcfeb", "gml_length": null, "kz_bio_oepul_jn": null, "fart_id": 1856, "geo_id": 107394980}, "bbox": [15.50891749, 48.38822498, 15.5091835, 48.38850612]}, {"type": "Feature", "id": "invekos_schlaege_2025_1_polygon.1549574", "geometry": {"type": "Polygon", "coordinates": [[[15.50801406, 48.388273], [15.50810108, 48.38838935], [15.50831854, 48.38864859], [15.50821192, 48.3887061], [15.50788388, 48.38842561], [15.50793824, 48.38836584], [15.5079298, 48.38836104], [15.50801406, 48.388273]]]}, "geometry_name": "geom", "properties": {"fs_kennung": 115603069.0, "snar_bezeichnung": "WEIN", "sl_flaeche_brutto_ha": 0.058457, "inspire_id": "https://data.inspire.gv.at/0095/b2bd27c3-ccd9-4e5a-98ce-28deab1266f5/elu.ExistingLandUseObject/107395014/MFA-2025", "gml_id": "AT.0095.b2bd27c3-ccd9-4e5a-98ce-28deab1266f5.elu.ExistingLandUseObject.107395014.MFA-2025", "gml_identifier": "https://data.inspire.gv.at/0095/b2bd27c3-ccd9-4e5a-98ce-28deab1266f5/elu.ExistingLandUseObject/107395014/MFA-2025", "snar_code": "901", "geo_part_key": 18, "log_pkey": 3, "geom_date_created": "2022-10-01T21:11:57+02:00", "geo_type": "POLYGON", "gml_geom": "[B@1189883d", "gml_length": null, "kz_bio_oepul_jn": null, "fart_id": 1856, "geo_id": 107395014}, "bbox": [15.50788388, 48.388273, 15.50831854, 48.3887061]}, {"type": "Feature", "id": "invekos_schlaege_2025_1_polygon.1549575", "geometry": {"type": "Polygon", "coordinates": [[[15.50971393, 48.38881391], [15.509827, 48.38900023], [15.50983951, 48.38909223], [15.50982744, 48.38917803], [15.50980888, 48.38920564], [15.50975948, 48.38922924], [15.50957311, 48.38925674], [15.50953379, 48.38915066], [15.50950466, 48.38902648], [15.50942354, 48.38888024], [15.50971393, 48.38881391]]]}, "geometry_name": "geom", "properties": {"fs_kennung": 115603096.0, "snar_bezeichnung": "WEIN", "sl_flaeche_brutto_ha": 0.10072778, "inspire_id": "https://data.inspire.gv.at/0095/b2bd27c3-ccd9-4e5a-98ce-28deab1266f5/elu.ExistingLandUseObject/107395024/MFA-2025", "gml_id": "AT.0095.b2bd27c3-ccd9-4e5a-98ce-28deab1266f5.elu.ExistingLandUseObject.107395024.MFA-2025", "gml_identifier": "https://data.inspire.gv.at/0095/b2bd27c3-ccd9-4e5a-98ce-28deab1266f5/elu.ExistingLandUseObject/107395024/MFA-2025", "snar_code": "901", "geo_part_key": 18, "log_pkey": 3, "geom_date_created": "2022-10-01T21:11:57+02:00", "geo_type": "POLYGON", "gml_geom": "[B@7e5de1cd", "gml_length": null, "kz_bio_oepul_jn": null, "fart_id": 1856, "geo_id": 107395024}, "bbox": [15.50942354, 48.38881391, 15.50983951, 48.38925674]}, {"type": "Feature", "id": "invekos_schlaege_2025_1_polygon.1561813", "geometry": {"type": "Polygon", "coordinates": [[[15.51136552, 48.38928865], [15.5102117, 48.38879581], [15.51018684, 48.38869936], [15.51020899, 48.38859007], [15.5105204, 48.38872176], [15.51119483, 48.38901099], [15.51144348, 48.38912495], [15.51136552, 48.38928865]]]}, "geometry_name": "geom", "properties": {"fs_kennung": 115603291.0, "snar_bezeichnung": "WEIN", "sl_flaeche_brutto_ha": 0.20318224, "inspire_id": "https://data.inspire.gv.at/0095/b2bd27c3-ccd9-4e5a-98ce-28deab1266f5/elu.ExistingLandUseObject/107479135/MFA-2025", "gml_id": "AT.0095.b2bd27c3-ccd9-4e5a-98ce-28deab1266f5.elu.ExistingLandUseObject.107479135.MFA-2025", "gml_identifier": "https://data.inspire.gv.at/0095/b2bd27c3-ccd9-4e5a-98ce-28deab1266f5/elu.ExistingLandUseObject/107479135/MFA-2025", "snar_code": "901", "geo_part_key": 18, "log_pkey": 3, "geom_date_created": "2022-10-01T22:16:26+02:00", "geo_type": "POLYGON", "gml_geom": "[B@2e4b178b", "gml_length": null, "kz_bio_oepul_jn": null, "fart_id": 1856, "geo_id": 107479135}, "bbox": [15.51018684, 48.38859007, 15.51144348, 48.38928865]}, {"type": "Feature", "id": "invekos_schlaege_2025_1_polygon.1562313", "geometry": {"type": "Polygon", "coordinates": [[[15.51270761, 48.3889088], [15.5125226, 48.38883046], [15.5129334, 48.38836378], [15.5131951, 48.38835422], [15.51270761, 48.3889088]]]}, "geometry_name": "geom", "properties": {"fs_kennung": 115603325.0, "snar_bezeichnung": "WEIN", "sl_flaeche_brutto_ha": 0.10660293, "inspire_id": "https://data.inspire.gv.at/0095/b2bd27c3-ccd9-4e5a-98ce-28deab1266f5/elu.ExistingLandUseObject/107395170/MFA-2025", "gml_id": "AT.0095.b2bd27c3-ccd9-4e5a-98ce-28deab1266f5.elu.ExistingLandUseObject.107395170.MFA-2025", "gml_identifier": "https://data.inspire.gv.at/0095/b2bd27c3-ccd9-4e5a-98ce-28deab1266f5/elu.ExistingLandUseObject/107395170/MFA-2025", "snar_code": "901", "geo_part_key": 18, "log_pkey": 3, "geom_date_created": "2022-10-01T21:12:05+02:00", "geo_type": "POLYGON", "gml_geom": "[B@6c8d113e", "gml_length": null, "kz_bio_oepul_jn": null, "fart_id": 1856, "geo_id": 107395170}, "bbox": [15.5125226, 48.38835422, 15.5131951, 48.3889088]}, {"type": "Feature", "id": "invekos_schlaege_2025_1_polygon.1562321", "geometry": {"type": "Polygon", "coordinates": [[[15.51036625, 48.38928758], [15.51037985, 48.38906479], [15.51128387, 48.38946105], [15.51117257, 48.38965462], [15.51036625, 48.38928758]]]}, "geometry_name": "geom", "properties": {"fs_kennung": 115603381.0, "snar_bezeichnung": "WEIN", "sl_flaeche_brutto_ha": 0.16616955, "inspire_id": "https://data.inspire.gv.at/0095/b2bd27c3-ccd9-4e5a-98ce-28deab1266f5/elu.ExistingLandUseObject/107395214/MFA-2025", "gml_id": "AT.0095.b2bd27c3-ccd9-4e5a-98ce-28deab1266f5.elu.ExistingLandUseObject.107395214.MFA-2025", "gml_identifier": "https://data.inspire.gv.at/0095/b2bd27c3-ccd9-4e5a-98ce-28deab1266f5/elu.ExistingLandUseObject/107395214/MFA-2025", "snar_code": "901", "geo_part_key": 18, "log_pkey": 3, "geom_date_created": "2022-10-01T21:12:08+02:00", "geo_type": "POLYGON", "gml_geom": "[B@3118a4f2", "gml_length": null, "kz_bio_oepul_jn": null, "fart_id": 1856, "geo_id": 107395214}, "bbox": [15.51036625, 48.38906479, 15.51128387, 48.38965462]}, {"type": "Feature", "id": "invekos_schlaege_2025_1_polygon.1562876", "geometry": {"type": "Polygon", "coordinates": [[[15.51515118, 48.38707293], [15.51626896, 48.38787711], [15.51616392, 48.38792047], [15.51573658, 48.38762485], [15.51542608, 48.38740263], [15.5150319, 48.38711493], [15.51515118, 48.38707293]]]}, "geometry_name": "geom", "properties": {"fs_kennung": 115603416.0, "snar_bezeichnung": "WEIN", "sl_flaeche_brutto_ha": 0.11849765, "inspire_id": "https://data.inspire.gv.at/0095/b2bd27c3-ccd9-4e5a-98ce-28deab1266f5/elu.ExistingLandUseObject/107375349/MFA-2025", "gml_id": "AT.0095.b2bd27c3-ccd9-4e5a-98ce-28deab1266f5.elu.ExistingLandUseObject.107375349.MFA-2025", "gml_identifier": "https://data.inspire.gv.at/0095/b2bd27c3-ccd9-4e5a-98ce-28deab1266f5/elu.ExistingLandUseObject/107375349/MFA-2025", "snar_code": "901", "geo_part_key": 18, "log_pkey": 3, "geom_date_created": "2022-10-01T20:52:59+02:00", "geo_type": "POLYGON", "gml_geom": "[B@20da6895", "gml_length": null, "kz_bio_oepul_jn": null, "fart_id": 1856, "geo_id": 107375349}, "bbox": [15.5150319, 48.38707293, 15.51626896, 48.38792047]}, {"type": "Feature", "id": "invekos_schlaege_2025_1_polygon.1562878", "geometry": {"type": "Polygon", "coordinates": [[[15.50932446, 48.3881425], [15.50935319, 48.38815744], [15.50948789, 48.38827326], [15.5095524, 48.38834576], [15.50955602, 48.38836747], [15.50942372, 48.38840538], [15.50926701, 48.38844727], [15.5092283, 48.38846176], [15.50919369, 48.38838699], [15.50915016, 48.3882675], [15.50913907, 48.38821254], [15.50914209, 48.3882007], [15.50917461, 48.38818048], [15.50923264, 48.38814691], [15.50932446, 48.3881425]]]}, "geometry_name": "geom", "properties": {"fs_kennung": 115602940.0, "snar_bezeichnung": "MÄHWIESE/-WEIDE ZWEI NUTZUNGEN", "sl_flaeche_brutto_ha": 0.06827791, "inspire_id": "https://data.inspire.gv.at/0095/b2bd27c3-ccd9-4e5a-98ce-28deab1266f5/elu.ExistingLandUseObject/107395021/MFA-2025", "gml_id": "AT.0095.b2bd27c3-ccd9-4e5a-98ce-28deab1266f5.elu.ExistingLandUseObject.107395021.MFA-2025", "gml_identifier": "https://data.inspire.gv.at/0095/b2bd27c3-ccd9-4e5a-98ce-28deab1266f5/elu.ExistingLandUseObject/107395021/MFA-2025", "snar_code": "716", "geo_part_key": 18, "log_pkey": 3, "geom_date_created": "2022-10-01T21:11:57+02:00", "geo_type": "POLYGON", "gml_geom": "[B@56dbd44a", "gml_length": null, "kz_bio_oepul_jn": null, "fart_id": 1856, "geo_id": 107395021}, "bbox": [15.50913907, 48.3881425, 15.50955602, 48.38846176]}, {"type": "Feature", "id": "invekos_schlaege_2025_1_polygon.1564130", "geometry": {"type": "Polygon", "coordinates": [[[15.51205602, 48.38979894], [15.51206849, 48.38976784], [15.51211354, 48.38970194], [15.51270841, 48.38992022], [15.51264099, 48.39006149], [15.512303, 48.38992454], [15.51226537, 48.38989069], [15.51205602, 48.38979894]]]}, "geometry_name": "geom", "properties": {"fs_kennung": 115603047.0, "snar_bezeichnung": "WEIN", "sl_flaeche_brutto_ha": 0.0725105, "inspire_id": "https://data.inspire.gv.at/0095/b2bd27c3-ccd9-4e5a-98ce-28deab1266f5/elu.ExistingLandUseObject/107375500/MFA-2025", "gml_id": "AT.0095.b2bd27c3-ccd9-4e5a-98ce-28deab1266f5.elu.ExistingLandUseObject.107375500.MFA-2025", "gml_identifier": "https://data.inspire.gv.at/0095/b2bd27c3-ccd9-4e5a-98ce-28deab1266f5/elu.ExistingLandUseObject/107375500/MFA-2025", "snar_code": "901", "geo_part_key": 18, "log_pkey": 3, "geom_date_created": "2022-10-01T20:53:09+02:00", "geo_type": "POLYGON", "gml_geom": "[B@525b2b4e", "gml_length": null, "kz_bio_oepul_jn": null, "fart_id": 1856, "geo_id": 107375500}, "bbox": [15.51205602, 48.38970194, 15.51270841, 48.39006149]}, {"type": "Feature", "id": "invekos_schlaege_2025_1_polygon.1564693", "geometry": {"type": "Polygon", "coordinates": [[[15.51452299, 48.39106838], [15.51476884, 48.3911347], [15.51498382, 48.39119304], [15.51496271, 48.39127244], [15.5145847, 48.3917961], [15.51450716, 48.39191192], [15.51421264, 48.39181934], [15.51420213, 48.39182007], [15.51420265, 48.39181952], [15.51391229, 48.39172317], [15.51407523, 48.39156905], [15.51412668, 48.39152651], [15.51435286, 48.39129238], [15.51449836, 48.39111239], [15.51452299, 48.39106838]]]}, "geometry_name": "geom", "properties": {"fs_kennung": 115602901.0, "snar_bezeichnung": "WEIN", "sl_flaeche_brutto_ha": 0.36405569, "inspire_id": "https://data.inspire.gv.at/0095/b2bd27c3-ccd9-4e5a-98ce-28deab1266f5/elu.ExistingLandUseObject/107375361/MFA-2025", "gml_id": "AT.0095.b2bd27c3-ccd9-4e5a-98ce-28deab1266f5.elu.ExistingLandUseObject.107375361.MFA-2025", "gml_identifier": "https://data.inspire.gv.at/0095/b2bd27c3-ccd9-4e5a-98ce-28deab1266f5/elu.ExistingLandUseObject/107375361/MFA-2025", "snar_code": "901", "geo_part_key": 18, "log_pkey": 3, "geom_date_created": "2022-10-01T20:53:00+02:00", "geo_type": "POLYGON", "gml_geom": "[B@26102ac3", "gml_length": null, "kz_bio_oepul_jn": null, "fart_id": 1856, "geo_id": 107375361}, "bbox": [15.51391229, 48.39106838, 15.51498382, 48.39191192]}, {"type": "Feature", "id": "invekos_schlaege_2025_1_polygon.1568534", "geometry": {"type": "Polygon", "coordinates": [[[15.50938012, 48.38845128], [15.50948939, 48.38858233], [15.50959087, 48.38871155], [15.50965352, 48.38879434], [15.50954786, 48.3888134], [15.50928747, 48.38849683], [15.50927835, 48.38848575], [15.50938012, 48.38845128]]]}, "geometry_name": "geom", "properties": {"fs_kennung": 115602891.0, "snar_bezeichnung": "WEIN", "sl_flaeche_brutto_ha": 0.03542069, "inspire_id": "https://data.inspire.gv.at/0095/b2bd27c3-ccd9-4e5a-98ce-28deab1266f5/elu.ExistingLandUseObject/107375347/MFA-2025", "gml_id": "AT.0095.b2bd27c3-ccd9-4e5a-98ce-28deab1266f5.elu.ExistingLandUseObject.107375347.MFA-2025", "gml_identifier": "https://data.inspire.gv.at/0095/b2bd27c3-ccd9-4e5a-98ce-28deab1266f5/elu.ExistingLandUseObject/107375347/MFA-2025", "snar_code": "901", "geo_part_key": 18, "log_pkey": 3, "geom_date_created": "2022-10-01T20:52:59+02:00", "geo_type": "POLYGON", "gml_geom": "[B@557d7054", "gml_length": null, "kz_bio_oepul_jn": null, "fart_id": 1856, "geo_id": 107375347}, "bbox": [15.50927835, 48.38845128, 15.50965352, 48.3888134]}, {"type": "Feature", "id": "invekos_schlaege_2025_1_polygon.1568540", "geometry": {"type": "Polygon", "coordinates": [[[15.50977838, 48.39128071], [15.50990762, 48.39119246], [15.51085224, 48.39171179], [15.51072341, 48.39180984], [15.50977838, 48.39128071]]]}, "geometry_name": "geom", "properties": {"fs_kennung": 115602917.0, "snar_bezeichnung": "WEIN", "sl_flaeche_brutto_ha": 0.12813211, "inspire_id": "https://data.inspire.gv.at/0095/b2bd27c3-ccd9-4e5a-98ce-28deab1266f5/elu.ExistingLandUseObject/107375376/MFA-2025", "gml_id": "AT.0095.b2bd27c3-ccd9-4e5a-98ce-28deab1266f5.elu.ExistingLandUseObject.107375376.MFA-2025", "gml_identifier": "https://data.inspire.gv.at/0095/b2bd27c3-ccd9-4e5a-98ce-28deab1266f5/elu.ExistingLandUseObject/107375376/MFA-2025", "snar_code": "901", "geo_part_key": 18, "log_pkey": 3, "geom_date_created": "2022-10-01T20:53:01+02:00", "geo_type": "POLYGON", "gml_geom": "[B@5d0c9735", "gml_length": null, "kz_bio_oepul_jn": null, "fart_id": 1856, "geo_id": 107375376}, "bbox": [15.50977838, 48.39119246, 15.51085224, 48.39180984]}, {"type": "Feature", "id": "invekos_schlaege_2025_1_polygon.1569072", "geometry": {"type": "Polygon", "coordinates": [[[15.50952232, 48.38848192], [15.50962883, 48.38845726], [15.50969794, 48.38848486], [15.50978232, 48.38851226], [15.50983384, 48.38852642], [15.50990078, 48.38854398], [15.50996775, 48.38856541], [15.5100491, 48.38856263], [15.51008892, 48.38856189], [15.51014666, 48.38864351], [15.51012747, 48.38869489], [15.50975032, 48.38876356], [15.50952232, 48.38848192]]]}, "geometry_name": "geom", "properties": {"fs_kennung": 115602937.0, "snar_bezeichnung": "WEIN", "sl_flaeche_brutto_ha": 0.08430535, "inspire_id": "https://data.inspire.gv.at/0095/b2bd27c3-ccd9-4e5a-98ce-28deab1266f5/elu.ExistingLandUseObject/107375391/MFA-2025", "gml_id": "AT.0095.b2bd27c3-ccd9-4e5a-98ce-28deab1266f5.elu.ExistingLandUseObject.107375391.MFA-2025", "gml_identifier": "https://data.inspire.gv.at/0095/b2bd27c3-ccd9-4e5a-98ce-28deab1266f5/elu.ExistingLandUseObject/107375391/MFA-2025", "snar_code": "901", "geo_part_key": 18, "log_pkey": 3, "geom_date_created": "2022-10-01T20:53:02+02:00", "geo_type": "POLYGON", "gml_geom": "[B@5686d681", "gml_length": null, "kz_bio_oepul_jn": null, "fart_id": 1856, "geo_id": 107375391}, "bbox": [15.50952232, 48.38845726, 15.51014666, 48.38876356]}, {"type": "Feature", "id": "invekos_schlaege_2025_1_polygon.1569076", "geometry": {"type": "Polygon", "coordinates": [[[15.50997642, 48.39103559], [15.50984754, 48.3911422], [15.50920906, 48.39082142], [15.50894144, 48.39069989], [15.50859868, 48.39052], [15.50870599, 48.3904147], [15.50997642, 48.39103559]]]}, "geometry_name": "geom", "properties": {"fs_kennung": 115602957.0, "snar_bezeichnung": "WEIN", "sl_flaeche_brutto_ha": 0.17157351, "inspire_id": "https://data.inspire.gv.at/0095/b2bd27c3-ccd9-4e5a-98ce-28deab1266f5/elu.ExistingLandUseObject/107375409/MFA-2025", "gml_id": "AT.0095.b2bd27c3-ccd9-4e5a-98ce-28deab1266f5.elu.ExistingLandUseObject.107375409.MFA-2025", "gml_identifier": "https://data.inspire.gv.at/0095/b2bd27c3-ccd9-4e5a-98ce-28deab1266f5/elu.ExistingLandUseObject/107375409/MFA-2025", "snar_code": "901", "geo_part_key": 18, "log_pkey": 3, "geom_date_created": "2022-10-01T20:53:03+02:00", "geo_type": "POLYGON", "gml_geom": "[B@7167a8a0", "gml_length": null, "kz_bio_oepul_jn": null, "fart_id": 1856, "geo_id": 107375409}, "bbox": [15.50859868, 48.3904147, 15.50997642, 48.3911422]}, {"type": "Feature", "id": "invekos_schlaege_2025_1_polygon.1569082", "geometry": {"type": "Polygon", "coordinates": [[[15.51228574, 48.38908693], [15.51239879, 48.38894804], [15.51335535, 48.3892859], [15.51318201, 48.38946892], [15.51299684, 48.38939004], [15.51297115, 48.38936686], [15.51228574, 48.38908693]]]}, "geometry_name": "geom", "properties": {"fs_kennung": 115602993.0, "snar_bezeichnung": "WEIN", "sl_flaeche_brutto_ha": 0.16161015, "inspire_id": "https://data.inspire.gv.at/0095/b2bd27c3-ccd9-4e5a-98ce-28deab1266f5/elu.ExistingLandUseObject/107375433/MFA-2025", "gml_id": "AT.0095.b2bd27c3-ccd9-4e5a-98ce-28deab1266f5.elu.ExistingLandUseObject.107375433.MFA-2025", "gml_identifier": "https://data.inspire.gv.at/0095/b2bd27c3-ccd9-4e5a-98ce-28deab1266f5/elu.ExistingLandUseObject/107375433/MFA-2025", "snar_code": "901", "geo_part_key": 18, "log_pkey": 3, "geom_date_created": "2022-10-01T20:53:05+02:00", "geo_type": "POLYGON", "gml_geom": "[B@4fa69908", "gml_length": null, "kz_bio_oepul_jn": null, "fart_id": 1856, "geo_id": 107375433}, "bbox": [15.51228574, 48.38894804, 15.51335535, 48.38946892]}, {"type": "Feature", "id": "invekos_schlaege_2025_1_polygon.1569170", "geometry": {"type": "Polygon", "coordinates": [[[15.50922108, 48.38850517], [15.50923873, 48.38852671], [15.50949235, 48.38882334], [15.50938869, 48.38884192], [15.50928174, 48.38871119], [15.50920867, 48.38863453], [15.50912783, 48.38853679], [15.50922108, 48.38850517]]]}, "geometry_name": "geom", "properties": {"fs_kennung": 115602921.0, "snar_bezeichnung": "WEIN", "sl_flaeche_brutto_ha": 0.03044622, "inspire_id": "https://data.inspire.gv.at/0095/b2bd27c3-ccd9-4e5a-98ce-28deab1266f5/elu.ExistingLandUseObject/107375379/MFA-2025", "gml_id": "AT.0095.b2bd27c3-ccd9-4e5a-98ce-28deab1266f5.elu.ExistingLandUseObject.107375379.MFA-2025", "gml_identifier": "https://data.inspire.gv.at/0095/b2bd27c3-ccd9-4e5a-98ce-28deab1266f5/elu.ExistingLandUseObject/107375379/MFA-2025", "snar_code": "901", "geo_part_key": 18, "log_pkey": 3, "geom_date_created": "2022-10-01T20:53:01+02:00", "geo_type": "POLYGON", "gml_geom": "[B@76aa0af6", "gml_length": null, "kz_bio_oepul_jn": null, "fart_id": 1856, "geo_id": 107375379}, "bbox": [15.50912783, 48.38850517, 15.50949235, 48.38884192]}, {"type": "Feature", "id": "invekos_schlaege_2025_1_polygon.1569405", "geometry": {"type": "Polygon", "coordinates": [[[15.51011491, 48.38873031], [15.51029169, 48.38899229], [15.51029199, 48.38925027], [15.51012366, 48.38925358], [15.50999934, 48.38924663], [15.5099308, 48.3892327], [15.50987788, 48.38921119], [15.50988743, 48.38911374], [15.50987217, 48.3889948], [15.50975586, 48.38879576], [15.51011491, 48.38873031]]]}, "geometry_name": "geom", "properties": {"fs_kennung": 115603216.0, "snar_bezeichnung": "WEIN", "sl_flaeche_brutto_ha": 0.16327149, "inspire_id": "https://data.inspire.gv.at/0095/b2bd27c3-ccd9-4e5a-98ce-28deab1266f5/elu.ExistingLandUseObject/107395088/MFA-2025", "gml_id": "AT.0095.b2bd27c3-ccd9-4e5a-98ce-28deab1266f5.elu.ExistingLandUseObject.107395088.MFA-2025", "gml_identifier": "https://data.inspire.gv.at/0095/b2bd27c3-ccd9-4e5a-98ce-28deab1266f5/elu.ExistingLandUseObject/107395088/MFA-2025", "snar_code": "901", "geo_part_key": 18, "log_pkey": 3, "geom_date_created": "2022-10-01T21:12:01+02:00", "geo_type": "POLYGON", "gml_geom": "[B@16f8e87c", "gml_length": null, "kz_bio_oepul_jn": null, "fart_id": 1856, "geo_id": 107395088}, "bbox": [15.50975586, 48.38873031, 15.51029199, 48.38925358]}, {"type": "Feature", "id": "invekos_schlaege_2025_1_polygon.1569413", "geometry": {"type": "Polygon", "coordinates": [[[15.51527033, 48.38703093], [15.51533904, 48.3870426], [15.51540469, 48.38710977], [15.51554559, 48.38719937], [15.51558595, 48.38723065], [15.51589871, 48.38746812], [15.51640885, 48.38783373], [15.516374, 48.38783385], [15.51626896, 48.38787711], [15.51515118, 48.38707293], [15.51527033, 48.38703093]]]}, "geometry_name": "geom", "properties": {"fs_kennung": 115603416.0, "snar_bezeichnung": "WEIN", "sl_flaeche_brutto_ha": 0.13532206, "inspire_id": "https://data.inspire.gv.at/0095/b2bd27c3-ccd9-4e5a-98ce-28deab1266f5/elu.ExistingLandUseObject/107375351/MFA-2025", "gml_id": "AT.0095.b2bd27c3-ccd9-4e5a-98ce-28deab1266f5.elu.ExistingLandUseObject.107375351.MFA-2025", "gml_identifier": "https://data.inspire.gv.at/0095/b2bd27c3-ccd9-4e5a-98ce-28deab1266f5/elu.ExistingLandUseObject/107375351/MFA-2025", "snar_code": "901", "geo_part_key": 18, "log_pkey": 3, "geom_date_created": "2022-10-01T20:53:00+02:00", "geo_type": "POLYGON", "gml_geom": "[B@5a1660ab", "gml_length": null, "kz_bio_oepul_jn": null, "fart_id": 1856, "geo_id": 107375351}, "bbox": [15.51515118, 48.38703093, 15.51640885, 48.38787711]}, {"type": "Feature", "id": "invekos_schlaege_2025_1_polygon.1569414", "geometry": {"type": "Polygon", "coordinates": [[[15.51671506, 48.38695381], [15.5167558, 48.38695556], [15.51678868, 48.38701128], [15.5168087, 48.38710161], [15.51685858, 48.3871984], [15.51690962, 48.38732928], [15.51700941, 48.38745942], [15.51706022, 48.38753045], [15.51705386, 48.38759752], [15.51701199, 48.38765212], [15.5169145, 48.3877208], [15.51681799, 48.38776454], [15.51668543, 48.38779581], [15.51653123, 48.38783307], [15.51640885, 48.38783373], [15.51589871, 48.38746812], [15.51558595, 48.38723065], [15.51554559, 48.38719937], [15.51540469, 48.38710977], [15.51533904, 48.3870426], [15.5156697, 48.38709888], [15.5157879, 48.38713707], [15.51591893, 48.3872489], [15.51615219, 48.3874399], [15.51618449, 48.38744343], [15.51597581, 48.38727132], [15.51605305, 48.38723839], [15.51619564, 48.38718542], [15.51626943, 48.38714427], [15.51636065, 48.38707129], [15.5164438, 48.38702781], [15.5165674, 48.38697312], [15.51662379, 48.38696793], [15.5166831, 48.38695836], [15.51671506, 48.38695381]]]}, "geometry_name": "geom", "properties": {"fs_kennung": 115603416.0, "snar_bezeichnung": "WEIN", "sl_flaeche_brutto_ha": 0.60793946, "inspire_id": "https://data.inspire.gv.at/0095/b2bd27c3-ccd9-4e5a-98ce-28deab1266f5/elu.ExistingLandUseObject/107375354/MFA-2025", "gml_id": "AT.0095.b2bd27c3-ccd9-4e5a-98ce-28deab1266f5.elu.ExistingLandUseObject.107375354.MFA-2025", "gml_identifier": "https://data.inspire.gv.at/0095/b2bd27c3-ccd9-4e5a-98ce-28deab1266f5/elu.ExistingLandUseObject/107375354/MFA-2025", "snar_code": "901", "geo_part_key": 18, "log_pkey": 3, "geom_date_created": "2022-10-01T20:53:00+02:00", "geo_type": "POLYGON", "gml_geom": "[B@2183cc38", "gml_length": null, "kz_bio_oepul_jn": null, "fart_id": 1856, "geo_id": 107375354}, "bbox": [15.51533904, 48.38695381, 15.51706022, 48.38783373]}, {"type": "Feature", "id": "invekos_schlaege_2025_1_polygon.1569810", "geometry": {"type": "Polygon", "coordinates": [[[15.51680444, 48.38798138], [15.5168732, 48.38839493], [15.51678645, 48.3883817], [15.51676, 48.38835682], [15.51671256, 48.38810953], [15.51675929, 48.38805134], [15.51673497, 48.38801922], [15.51680617, 48.38800007], [15.51680444, 48.38798138]]]}, "geometry_name": "geom", "properties": {"fs_kennung": 115602970.0, "snar_bezeichnung": "WEIN", "sl_flaeche_brutto_ha": 0.03126013, "inspire_id": "https://data.inspire.gv.at/0095/b2bd27c3-ccd9-4e5a-98ce-28deab1266f5/elu.ExistingLandUseObject/114507876/MFA-2025", "gml_id": "AT.0095.b2bd27c3-ccd9-4e5a-98ce-28deab1266f5.elu.ExistingLandUseObject.114507876.MFA-2025", "gml_identifier": "https://data.inspire.gv.at/0095/b2bd27c3-ccd9-4e5a-98ce-28deab1266f5/elu.ExistingLandUseObject/114507876/MFA-2025", "snar_code": "901", "geo_part_key": 18, "log_pkey": 3, "geom_date_created": "2024-02-12T14:35:54+01:00", "geo_type": "POLYGON", "gml_geom": "[B@7588f44", "gml_length": null, "kz_bio_oepul_jn": null, "fart_id": 1856, "geo_id": 114507876}, "bbox": [15.51671256, 48.38798138, 15.5168732, 48.38839493]}, {"type": "Feature", "id": "invekos_schlaege_2025_1_polygon.1569812", "geometry": {"type": "Polygon", "coordinates": [[[15.50767648, 48.38788776], [15.50815177, 48.38815831], [15.5082425, 48.38810866], [15.50830648, 48.38808795], [15.50838664, 48.38816942], [15.50865933, 48.3884926], [15.50878561, 48.38847225], [15.50888318, 48.38844713], [15.50895375, 48.3884451], [15.50893835, 48.38842586], [15.50895218, 48.38843667], [15.50902606, 48.38852932], [15.50919078, 48.38867815], [15.50926304, 48.38875158], [15.50932001, 48.38881171], [15.50939184, 48.38892654], [15.50943701, 48.38900785], [15.50938033, 48.38901917], [15.50932534, 48.38903522], [15.50918375, 48.38885168], [15.50914555, 48.38886229], [15.50908197, 48.38891486], [15.5090507, 48.38902288], [15.50896391, 48.38908902], [15.50889362, 48.38912371], [15.5088433, 48.38909963], [15.5088056, 48.38895141], [15.50876749, 48.38885152], [15.50853455, 48.38861938], [15.50843358, 48.38861802], [15.50811054, 48.38878843], [15.50801195, 48.3888376], [15.50793333, 48.38877977], [15.50778459, 48.38867374], [15.50783015, 48.38848465], [15.50788388, 48.38842561], [15.50821192, 48.3887061], [15.50831854, 48.38864859], [15.50810108, 48.38838935], [15.50801406, 48.388273], [15.5079298, 48.38836104], [15.50747822, 48.38810499], [15.50749238, 48.38806252], [15.50762163, 48.38801314], [15.50767648, 48.38788776]]]}, "geometry_name": "geom", "properties": {"fs_kennung": 115603069.0, "snar_bezeichnung": "WEIN", "sl_flaeche_brutto_ha": 0.60579237, "inspire_id": "https://data.inspire.gv.at/0095/b2bd27c3-ccd9-4e5a-98ce-28deab1266f5/elu.ExistingLandUseObject/107395018/MFA-2025", "gml_id": "AT.0095.b2bd27c3-ccd9-4e5a-98ce-28deab1266f5.elu.ExistingLandUseObject.107395018.MFA-2025", "gml_identifier": "https://data.inspire.gv.at/0095/b2bd27c3-ccd9-4e5a-98ce-28deab1266f5/elu.ExistingLandUseObject/107395018/MFA-2025", "snar_code": "901", "geo_part_key": 18, "log_pkey": 3, "geom_date_created": "2022-10-01T21:11:57+02:00", "geo_type": "POLYGON", "gml_geom": "[B@56323cdb", "gml_length": null, "kz_bio_oepul_jn": null, "fart_id": 1856, "geo_id": 107395018}, "bbox": [15.50747822, 48.38788776, 15.50943701, 48.38912371]}, {"type": "Feature", "id": "invekos_schlaege_2025_1_polygon.1574052", "geometry": {"type": "Polygon", "coordinates": [[[15.50854908, 48.38800973], [15.50868775, 48.3881558], [15.5087636, 48.38826327], [15.50889382, 48.38839159], [15.50893835, 48.38842586], [15.50895375, 48.3884451], [15.50888318, 48.38844713], [15.50878561, 48.38847225], [15.50865933, 48.3884926], [15.50838664, 48.38816942], [15.50830648, 48.38808795], [15.50854908, 48.38800973]]]}, "geometry_name": "geom", "properties": {"fs_kennung": 115603069.0, "snar_bezeichnung": "WEIN", "sl_flaeche_brutto_ha": 0.10789778, "inspire_id": "https://data.inspire.gv.at/0095/b2bd27c3-ccd9-4e5a-98ce-28deab1266f5/elu.ExistingLandUseObject/107395017/MFA-2025", "gml_id": "AT.0095.b2bd27c3-ccd9-4e5a-98ce-28deab1266f5.elu.ExistingLandUseObject.107395017.MFA-2025", "gml_identifier": "https://data.inspire.gv.at/0095/b2bd27c3-ccd9-4e5a-98ce-28deab1266f5/elu.ExistingLandUseObject/107395017/MFA-2025", "snar_code": "901", "geo_part_key": 18, "log_pkey": 3, "geom_date_created": "2022-10-01T21:11:57+02:00", "geo_type": "POLYGON", "gml_geom": "[B@3f480d8e", "gml_length": null, "kz_bio_oepul_jn": null, "fart_id": 1856, "geo_id": 107395017}, "bbox": [15.50830648, 48.38800973, 15.50895375, 48.3884926]}, {"type": "Feature", "id": "invekos_schlaege_2025_1_polygon.1574968", "geometry": {"type": "Polygon", "coordinates": [[[15.51704155, 48.38794329], [15.51726617, 48.38794197], [15.51750365, 48.38795103], [15.51723619, 48.38837482], [15.51720848, 48.38841628], [15.51719571, 48.38841454], [15.51699191, 48.38841295], [15.51687321, 48.38839502], [15.51680444, 48.38798138], [15.51687998, 48.38795315], [15.51704155, 48.38794329]]]}, "geometry_name": "geom", "properties": {"fs_kennung": 115602970.0, "snar_bezeichnung": "WEIN", "sl_flaeche_brutto_ha": 0.19879719, "inspire_id": "https://data.inspire.gv.at/0095/b2bd27c3-ccd9-4e5a-98ce-28deab1266f5/elu.ExistingLandUseObject/114507885/MFA-2025", "gml_id": "AT.0095.b2bd27c3-ccd9-4e5a-98ce-28deab1266f5.elu.ExistingLandUseObject.114507885.MFA-2025", "gml_identifier": "https://data.inspire.gv.at/0095/b2bd27c3-ccd9-4e5a-98ce-28deab1266f5/elu.ExistingLandUseObject/114507885/MFA-2025", "snar_code": "901", "geo_part_key": 18, "log_pkey": 3, "geom_date_created": "2024-02-12T14:36:15+01:00", "geo_type": "POLYGON", "gml_geom": "[B@95f453", "gml_length": null, "kz_bio_oepul_jn": null, "fart_id": 1856, "geo_id": 114507885}, "bbox": [15.51680444, 48.38794197, 15.51750365, 48.38841628]}, {"type": "Feature", "id": "invekos_schlaege_2025_1_polygon.2041387", "geometry": {"type": "Polygon", "coordinates": [[[15.51103241, 48.39028307], [15.51118011, 48.39014246], [15.51142572, 48.39022886], [15.5116517, 48.39032407], [15.51148786, 48.3905017], [15.51146136, 48.39051101], [15.51103241, 48.39028307]]]}, "geometry_name": "geom", "properties": {"fs_kennung": 115602636.0, "snar_bezeichnung": "WEIN", "sl_flaeche_brutto_ha": 0.09209491, "inspire_id": "https://data.inspire.gv.at/0095/b2bd27c3-ccd9-4e5a-98ce-28deab1266f5/elu.ExistingLandUseObject/107373412/MFA-2025", "gml_id": "AT.0095.b2bd27c3-ccd9-4e5a-98ce-28deab1266f5.elu.ExistingLandUseObject.107373412.MFA-2025", "gml_identifier": "https://data.inspire.gv.at/0095/b2bd27c3-ccd9-4e5a-98ce-28deab1266f5/elu.ExistingLandUseObject/107373412/MFA-2025", "snar_code": "901", "geo_part_key": 18, "log_pkey": 3, "geom_date_created": "2022-10-01T20:51:02+02:00", "geo_type": "POLYGON", "gml_geom": "[B@437469aa", "gml_length": null, "kz_bio_oepul_jn": null, "fart_id": 1856, "geo_id": 107373412}, "bbox": [15.51103241, 48.39014246, 15.5116517, 48.39051101]}, {"type": "Feature", "id": "invekos_schlaege_2025_1_polygon.2041963", "geometry": {"type": "Polygon", "coordinates": [[[15.51455263, 48.38881056], [15.51457875, 48.38870902], [15.51459217, 48.3886779], [15.51461477, 48.38857625], [15.51510457, 48.38865438], [15.51540579, 48.38870113], [15.51523737, 48.38896226], [15.51478737, 48.38888284], [15.51455263, 48.38881056]]]}, "geometry_name": "geom", "properties": {"fs_kennung": 115602694.0, "snar_bezeichnung": "WEIN", "sl_flaeche_brutto_ha": 0.16885291, "inspire_id": "https://data.inspire.gv.at/0095/b2bd27c3-ccd9-4e5a-98ce-28deab1266f5/elu.ExistingLandUseObject/107373365/MFA-2025", "gml_id": "AT.0095.b2bd27c3-ccd9-4e5a-98ce-28deab1266f5.elu.ExistingLandUseObject.107373365.MFA-2025", "gml_identifier": "https://data.inspire.gv.at/0095/b2bd27c3-ccd9-4e5a-98ce-28deab1266f5/elu.ExistingLandUseObject/107373365/MFA-2025", "snar_code": "901", "geo_part_key": 18, "log_pkey": 3, "geom_date_created": "2022-10-01T20:50:58+02:00", "geo_type": "POLYGON", "gml_geom": "[B@4e751fb", "gml_length": null, "kz_bio_oepul_jn": null, "fart_id": 1856, "geo_id": 107373365}, "bbox": [15.51455263, 48.38857625, 15.51540579, 48.38896226]}, {"type": "Feature", "id": "invekos_schlaege_2025_1_polygon.2054153", "geometry": {"type": "Polygon", "coordinates": [[[15.51160965, 48.39136103], [15.51144358, 48.39148597], [15.51137507, 48.39145035], [15.5109237, 48.39121977], [15.51096021, 48.39115619], [15.51115431, 48.3910103], [15.51119892, 48.39102693], [15.51160472, 48.39127276], [15.51165289, 48.39130335], [15.51160965, 48.39136103]]]}, "geometry_name": "geom", "properties": {"fs_kennung": 115602753.0, "snar_bezeichnung": "WEIN", "sl_flaeche_brutto_ha": 0.13950128, "inspire_id": "https://data.inspire.gv.at/0095/b2bd27c3-ccd9-4e5a-98ce-28deab1266f5/elu.ExistingLandUseObject/107373315/MFA-2025", "gml_id": "AT.0095.b2bd27c3-ccd9-4e5a-98ce-28deab1266f5.elu.ExistingLandUseObject.107373315.MFA-2025", "gml_identifier": "https://data.inspire.gv.at/0095/b2bd27c3-ccd9-4e5a-98ce-28deab1266f5/elu.ExistingLandUseObject/107373315/MFA-2025", "snar_code": "901", "geo_part_key": 18, "log_pkey": 3, "geom_date_created": "2022-10-01T20:50:55+02:00", "geo_type": "POLYGON", "gml_geom": "[B@7b3c0894", "gml_length": null, "kz_bio_oepul_jn": null, "fart_id": 1856, "geo_id": 107373315}, "bbox": [15.5109237, 48.3910103, 15.51165289, 48.39148597]}, {"type": "Feature", "id": "invekos_schlaege_2025_1_polygon.2054155", "geometry": {"type": "Polygon", "coordinates": [[[15.51136794, 48.38930129], [15.51131421, 48.38941784], [15.51128387, 48.38946105], [15.51037985, 48.38906479], [15.51038871, 48.38900865], [15.510321, 48.38886036], [15.51031785, 48.38883999], [15.51134923, 48.38929003], [15.51136794, 48.38930129]]]}, "geometry_name": "geom", "properties": {"fs_kennung": 115602759.0, "snar_bezeichnung": "WEIN", "sl_flaeche_brutto_ha": 0.15848267, "inspire_id": "https://data.inspire.gv.at/0095/b2bd27c3-ccd9-4e5a-98ce-28deab1266f5/elu.ExistingLandUseObject/107373322/MFA-2025", "gml_id": "AT.0095.b2bd27c3-ccd9-4e5a-98ce-28deab1266f5.elu.ExistingLandUseObject.107373322.MFA-2025", "gml_identifier": "https://data.inspire.gv.at/0095/b2bd27c3-ccd9-4e5a-98ce-28deab1266f5/elu.ExistingLandUseObject/107373322/MFA-2025", "snar_code": "901", "geo_part_key": 18, "log_pkey": 3, "geom_date_created": "2022-10-01T20:50:55+02:00", "geo_type": "POLYGON", "gml_geom": "[B@54244ccc", "gml_length": null, "kz_bio_oepul_jn": null, "fart_id": 1856, "geo_id": 107373322}, "bbox": [15.51031785, 48.38883999, 15.51136794, 48.38946105]}, {"type": "Feature", "id": "invekos_schlaege_2025_1_polygon.2054670", "geometry": {"type": "Polygon", "coordinates": [[[15.50739878, 48.38879062], [15.50745979, 48.38878606], [15.5075047, 48.38876507], [15.507558, 48.38873438], [15.50769104, 48.38869492], [15.50772241, 48.38868903], [15.50778451, 48.38870407], [15.50791753, 48.38880589], [15.50795767, 48.38885112], [15.50793389, 48.38885435], [15.50791251, 48.38886006], [15.50767098, 48.38892512], [15.50749263, 48.38897316], [15.50739878, 48.38879062]]]}, "geometry_name": "geom", "properties": {"fs_kennung": 115602801.0, "snar_bezeichnung": "WEIN", "sl_flaeche_brutto_ha": 0.07377962, "inspire_id": "https://data.inspire.gv.at/0095/b2bd27c3-ccd9-4e5a-98ce-28deab1266f5/elu.ExistingLandUseObject/107373425/MFA-2025", "gml_id": "AT.0095.b2bd27c3-ccd9-4e5a-98ce-28deab1266f5.elu.ExistingLandUseObject.107373425.MFA-2025", "gml_identifier": "https://data.inspire.gv.at/0095/b2bd27c3-ccd9-4e5a-98ce-28deab1266f5/elu.ExistingLandUseObject/107373425/MFA-2025", "snar_code": "901", "geo_part_key": 18, "log_pkey": 3, "geom_date_created": "2022-10-01T20:51:02+02:00", "geo_type": "POLYGON", "gml_geom": "[B@34fd56db", "gml_length": null, "kz_bio_oepul_jn": null, "fart_id": 1856, "geo_id": 107373425}, "bbox": [15.50739878, 48.38868903, 15.50795767, 48.38897316]}, {"type": "Feature", "id": "invekos_schlaege_2025_1_polygon.2264068", "geometry": {"type": "Polygon", "coordinates": [[[15.50829647, 48.38807796], [15.50823264, 48.3880958], [15.5081558, 48.38814798], [15.50815053, 48.38815762], [15.50774387, 48.38792574], [15.50783815, 48.38783184], [15.50793268, 48.38778914], [15.50802893, 48.3877743], [15.50831125, 48.38771226], [15.50857592, 48.38799564], [15.50829647, 48.38807796]]]}, "geometry_name": "geom", "properties": {"fs_kennung": 116656532.0, "snar_bezeichnung": "WEIN", "sl_flaeche_brutto_ha": 0.16829355, "inspire_id": "https://data.inspire.gv.at/0095/b2bd27c3-ccd9-4e5a-98ce-28deab1266f5/elu.ExistingLandUseObject/105462866/MFA-2025", "gml_id": "AT.0095.b2bd27c3-ccd9-4e5a-98ce-28deab1266f5.elu.ExistingLandUseObject.105462866.MFA-2025", "gml_identifier": "https://data.inspire.gv.at/0095/b2bd27c3-ccd9-4e5a-98ce-28deab1266f5/elu.ExistingLandUseObject/105462866/MFA-2025", "snar_code": "901", "geo_part_key": 18, "log_pkey": 3, "geom_date_created": "2022-09-30T16:46:01+02:00", "geo_type": "POLYGON", "gml_geom": "[B@aabb136", "gml_length": null, "kz_bio_oepul_jn": null, "fart_id": 1856, "geo_id": 105462866}, "bbox": [15.50774387, 48.38771226, 15.50857592, 48.38815762]}, {"type": "Feature", "id": "invekos_schlaege_2025_1_polygon.2312167", "geometry": {"type": "Polygon", "coordinates": [[[15.51347698, 48.39035903], [15.51343689, 48.390347], [15.51350752, 48.39030447], [15.51366334, 48.39020609], [15.5137012, 48.39021321], [15.51428273, 48.39040653], [15.5143517, 48.39041118], [15.51495135, 48.39059201], [15.51494374, 48.39066153], [15.51478484, 48.39078949], [15.51347698, 48.39035903]]]}, "geometry_name": "geom", "properties": {"fs_kennung": 115603045.0, "snar_bezeichnung": "WEIN", "sl_flaeche_brutto_ha": 0.25136381, "inspire_id": "https://data.inspire.gv.at/0095/b2bd27c3-ccd9-4e5a-98ce-28deab1266f5/elu.ExistingLandUseObject/107478991/MFA-2025", "gml_id": "AT.0095.b2bd27c3-ccd9-4e5a-98ce-28deab1266f5.elu.ExistingLandUseObject.107478991.MFA-2025", "gml_identifier": "https://data.inspire.gv.at/0095/b2bd27c3-ccd9-4e5a-98ce-28deab1266f5/elu.ExistingLandUseObject/107478991/MFA-2025", "snar_code": "901", "geo_part_key": 18, "log_pkey": 3, "geom_date_created": "2022-10-01T22:16:20+02:00", "geo_type": "POLYGON", "gml_geom": "[B@11c8605f", "gml_length": null, "kz_bio_oepul_jn": null, "fart_id": 1856, "geo_id": 107478991}, "bbox": [15.51343689, 48.39020609, 15.51495135, 48.39078949]}, {"type": "Feature", "id": "invekos_schlaege_2025_1_polygon.2312693", "geometry": {"type": "Polygon", "coordinates": [[[15.51459453, 48.3871168], [15.51471633, 48.38704785], [15.51484473, 48.38713598], [15.51535331, 48.38750648], [15.5160977, 48.38804499], [15.51598094, 48.38809873], [15.51596886, 48.38808132], [15.51584995, 48.38799419], [15.51561607, 48.38782372], [15.51514894, 48.3874977], [15.51459453, 48.3871168]]]}, "geometry_name": "geom", "properties": {"fs_kennung": 115603054.0, "snar_bezeichnung": "WEIN", "sl_flaeche_brutto_ha": 0.1569361, "inspire_id": "https://data.inspire.gv.at/0095/b2bd27c3-ccd9-4e5a-98ce-28deab1266f5/elu.ExistingLandUseObject/107478994/MFA-2025", "gml_id": "AT.0095.b2bd27c3-ccd9-4e5a-98ce-28deab1266f5.elu.ExistingLandUseObject.107478994.MFA-2025", "gml_identifier": "https://data.inspire.gv.at/0095/b2bd27c3-ccd9-4e5a-98ce-28deab1266f5/elu.ExistingLandUseObject/107478994/MFA-2025", "snar_code": "901", "geo_part_key": 18, "log_pkey": 3, "geom_date_created": "2022-10-01T22:16:20+02:00", "geo_type": "POLYGON", "gml_geom": "[B@677c0c86", "gml_length": null, "kz_bio_oepul_jn": null, "fart_id": 1856, "geo_id": 107478994}, "bbox": [15.51459453, 48.38704785, 15.5160977, 48.38809873]}, {"type": "Feature", "id": "invekos_schlaege_2025_1_polygon.2312697", "geometry": {"type": "Polygon", "coordinates": [[[15.51037026, 48.38944749], [15.51035804, 48.38943629], [15.51037796, 48.38929941], [15.51117104, 48.38966319], [15.51114408, 48.38976412], [15.51116232, 48.38987347], [15.51046988, 48.38956756], [15.51047267, 48.38954061], [15.51037026, 48.38944749]]]}, "geometry_name": "geom", "properties": {"fs_kennung": 115603083.0, "snar_bezeichnung": "WEIN", "sl_flaeche_brutto_ha": 0.13881438, "inspire_id": "https://data.inspire.gv.at/0095/b2bd27c3-ccd9-4e5a-98ce-28deab1266f5/elu.ExistingLandUseObject/107479016/MFA-2025", "gml_id": "AT.0095.b2bd27c3-ccd9-4e5a-98ce-28deab1266f5.elu.ExistingLandUseObject.107479016.MFA-2025", "gml_identifier": "https://data.inspire.gv.at/0095/b2bd27c3-ccd9-4e5a-98ce-28deab1266f5/elu.ExistingLandUseObject/107479016/MFA-2025", "snar_code": "901", "geo_part_key": 18, "log_pkey": 3, "geom_date_created": "2022-10-01T22:16:21+02:00", "geo_type": "POLYGON", "gml_geom": "[B@39e9d53c", "gml_length": null, "kz_bio_oepul_jn": null, "fart_id": 1856, "geo_id": 107479016}, "bbox": [15.51035804, 48.38929941, 15.51117104, 48.38987347]}, {"type": "Feature", "id": "invekos_schlaege_2025_1_polygon.2312701", "geometry": {"type": "Polygon", "coordinates": [[[15.51118011, 48.39014246], [15.51125335, 48.39004301], [15.51128278, 48.38992998], [15.51126338, 48.38978682], [15.51189018, 48.39002565], [15.51235296, 48.39027707], [15.51240423, 48.39031715], [15.51227647, 48.39040186], [15.51216078, 48.39034958], [15.51214743, 48.39036315], [15.51204665, 48.39045339], [15.51171133, 48.39030587], [15.51118011, 48.39014246]]]}, "geometry_name": "geom", "properties": {"fs_kennung": 115603101.0, "snar_bezeichnung": "WEIN", "sl_flaeche_brutto_ha": 0.28484779, "inspire_id": "https://data.inspire.gv.at/0095/b2bd27c3-ccd9-4e5a-98ce-28deab1266f5/elu.ExistingLandUseObject/107479030/MFA-2025", "gml_id": "AT.0095.b2bd27c3-ccd9-4e5a-98ce-28deab1266f5.elu.ExistingLandUseObject.107479030.MFA-2025", "gml_identifier": "https://data.inspire.gv.at/0095/b2bd27c3-ccd9-4e5a-98ce-28deab1266f5/elu.ExistingLandUseObject/107479030/MFA-2025", "snar_code": "901", "geo_part_key": 18, "log_pkey": 3, "geom_date_created": "2022-10-01T22:16:21+02:00", "geo_type": "POLYGON", "gml_geom": "[B@6e9cf136", "gml_length": null, "kz_bio_oepul_jn": null, "fart_id": 1856, "geo_id": 107479030}, "bbox": [15.51118011, 48.38978682, 15.51240423, 48.39045339]}, {"type": "Feature", "id": "invekos_schlaege_2025_1_polygon.2316501", "geometry": {"type": "Polygon", "coordinates": [[[15.50962333, 48.39136567], [15.50976468, 48.39127305], [15.51048984, 48.39168525], [15.51070985, 48.39180227], [15.51092164, 48.39192295], [15.51080268, 48.392021], [15.50962333, 48.39136567]]]}, "geometry_name": "geom", "properties": {"fs_kennung": 115602813.0, "snar_bezeichnung": "WEIN", "sl_flaeche_brutto_ha": 0.16000969, "inspire_id": "https://data.inspire.gv.at/0095/b2bd27c3-ccd9-4e5a-98ce-28deab1266f5/elu.ExistingLandUseObject/107375179/MFA-2025", "gml_id": "AT.0095.b2bd27c3-ccd9-4e5a-98ce-28deab1266f5.elu.ExistingLandUseObject.107375179.MFA-2025", "gml_identifier": "https://data.inspire.gv.at/0095/b2bd27c3-ccd9-4e5a-98ce-28deab1266f5/elu.ExistingLandUseObject/107375179/MFA-2025", "snar_code": "901", "geo_part_key": 18, "log_pkey": 3, "geom_date_created": "2022-10-01T20:52:49+02:00", "geo_type": "POLYGON", "gml_geom": "[B@3c04ae22", "gml_length": null, "kz_bio_oepul_jn": null, "fart_id": 1856, "geo_id": 107375179}, "bbox": [15.50962333, 48.39127305, 15.51092164, 48.392021]}, {"type": "Feature", "id": "invekos_schlaege_2025_1_polygon.2316502", "geometry": {"type": "Polygon", "coordinates": [[[15.51218024, 48.38956914], [15.51226625, 48.38936219], [15.51228794, 48.38930951], [15.51219965, 48.38922432], [15.51222477, 48.38917274], [15.51233719, 48.38922112], [15.51267278, 48.38936559], [15.51290505, 48.38946563], [15.51310602, 48.38955412], [15.51298888, 48.38962469], [15.51296284, 48.38964155], [15.51283641, 48.38971293], [15.51276443, 48.38978743], [15.51218024, 48.38956914]]]}, "geometry_name": "geom", "properties": {"fs_kennung": 115602815.0, "snar_bezeichnung": "WEIN", "sl_flaeche_brutto_ha": 0.22477631, "inspire_id": "https://data.inspire.gv.at/0095/b2bd27c3-ccd9-4e5a-98ce-28deab1266f5/elu.ExistingLandUseObject/113104906/MFA-2025", "gml_id": "AT.0095.b2bd27c3-ccd9-4e5a-98ce-28deab1266f5.elu.ExistingLandUseObject.113104906.MFA-2025", "gml_identifier": "https://data.inspire.gv.at/0095/b2bd27c3-ccd9-4e5a-98ce-28deab1266f5/elu.ExistingLandUseObject/113104906/MFA-2025", "snar_code": "901", "geo_part_key": 18, "log_pkey": 3, "geom_date_created": "2023-05-25T15:03:40+02:00", "geo_type": "POLYGON", "gml_geom": "[B@3b1b8d18", "gml_length": null, "kz_bio_oepul_jn": null, "fart_id": 1856, "geo_id": 113104906}, "bbox": [15.51218024, 48.38917274, 15.51310602, 48.38978743]}, {"type": "Feature", "id": "invekos_schlaege_2025_1_polygon.2316503", "geometry": {"type": "Polygon", "coordinates": [[[15.51318572, 48.38908174], [15.5130256, 48.38902669], [15.51360112, 48.38835843], [15.51375412, 48.38847219], [15.51364277, 48.38856146], [15.51335266, 48.38890405], [15.51324212, 48.38902229], [15.51318572, 48.38908174]]]}, "geometry_name": "geom", "properties": {"fs_kennung": 115602821.0, "snar_bezeichnung": "WEIN", "sl_flaeche_brutto_ha": 0.11739479, "inspire_id": "https://data.inspire.gv.at/0095/b2bd27c3-ccd9-4e5a-98ce-28deab1266f5/elu.ExistingLandUseObject/107375187/MFA-2025", "gml_id": "AT.0095.b2bd27c3-ccd9-4e5a-98ce-28deab1266f5.elu.ExistingLandUseObject.107375187.MFA-2025", "gml_identifier": "https://data.inspire.gv.at/0095/b2bd27c3-ccd9-4e5a-98ce-28deab1266f5/elu.ExistingLandUseObject/107375187/MFA-2025", "snar_code": "901", "geo_part_key": 18, "log_pkey": 3, "geom_date_created": "2022-10-01T20:52:49+02:00", "geo_type": "POLYGON", "gml_geom": "[B@4c2cff72", "gml_length": null, "kz_bio_oepul_jn": null, "fart_id": 1856, "geo_id": 107375187}, "bbox": [15.5130256, 48.38835843, 15.51375412, 48.38908174]}, {"type": "Feature", "id": "invekos_schlaege_2025_1_polygon.2317075", "geometry": {"type": "Polygon", "coordinates": [[[15.51353593, 48.39094103], [15.5137096, 48.3907499], [15.5145692, 48.39094991], [15.51447466, 48.39110798], [15.51383165, 48.3909886], [15.51353593, 48.39094103]]]}, "geometry_name": "geom", "properties": {"fs_kennung": 115602867.0, "snar_bezeichnung": "WEIN", "sl_flaeche_brutto_ha": 0.14754743, "inspire_id": "https://data.inspire.gv.at/0095/b2bd27c3-ccd9-4e5a-98ce-28deab1266f5/elu.ExistingLandUseObject/107375304/MFA-2025", "gml_id": "AT.0095.b2bd27c3-ccd9-4e5a-98ce-28deab1266f5.elu.ExistingLandUseObject.107375304.MFA-2025", "gml_identifier": "https://data.inspire.gv.at/0095/b2bd27c3-ccd9-4e5a-98ce-28deab1266f5/elu.ExistingLandUseObject/107375304/MFA-2025", "snar_code": "901", "geo_part_key": 18, "log_pkey": 3, "geom_date_created": "2022-10-01T20:52:56+02:00", "geo_type": "POLYGON", "gml_geom": "[B@45b0a280", "gml_length": null, "kz_bio_oepul_jn": null, "fart_id": 1856, "geo_id": 107375304}, "bbox": [15.51353593, 48.3907499, 15.5145692, 48.39110798]}, {"type": "Feature", "id": "invekos_schlaege_2025_1_polygon.2317077", "geometry": {"type": "Polygon", "coordinates": [[[15.51792107, 48.38608512], [15.51868318, 48.38553509], [15.51924471, 48.38585708], [15.51929537, 48.38588907], [15.51929006, 48.38593947], [15.51887687, 48.38658798], [15.51858144, 48.38700177], [15.5183375, 48.38730401], [15.51826394, 48.38729288], [15.51821419, 48.38734321], [15.51816205, 48.38741086], [15.51808195, 48.38751036], [15.51803698, 48.38759101], [15.51800535, 48.38757784], [15.51750388, 48.38732518], [15.51698778, 48.38705543], [15.51698668, 48.38702926], [15.51700764, 48.38697209], [15.51704511, 48.38690588], [15.5171453, 48.38681483], [15.51709807, 48.38678413], [15.51748982, 48.38649794], [15.51776541, 48.38625118], [15.51792107, 48.38608512]]]}, "geometry_name": "geom", "properties": {"fs_kennung": 115602882.0, "snar_bezeichnung": "TAFELÄPFEL", "sl_flaeche_brutto_ha": 1.87232706, "inspire_id": "https://data.inspire.gv.at/0095/b2bd27c3-ccd9-4e5a-98ce-28deab1266f5/elu.ExistingLandUseObject/114084365/MFA-2025", "gml_id": "AT.0095.b2bd27c3-ccd9-4e5a-98ce-28deab1266f5.elu.ExistingLandUseObject.114084365.MFA-2025", "gml_identifier": "https://data.inspire.gv.at/0095/b2bd27c3-ccd9-4e5a-98ce-28deab1266f5/elu.ExistingLandUseObject/114084365/MFA-2025", "snar_code": "817", "geo_part_key": 18, "log_pkey": 3, "geom_date_created": "2023-11-14T12:59:17+01:00", "geo_type": "POLYGON", "gml_geom": "[B@308c3d5f", "gml_length": null, "kz_bio_oepul_jn": null, "fart_id": 1856, "geo_id": 114084365}, "bbox": [15.51698668, 48.38553509, 15.51929537, 48.38759101]}, {"type": "Feature", "id": "invekos_schlaege_2025_1_polygon.2318023", "geometry": {"type": "Polygon", "coordinates": [[[15.51068971, 48.39141958], [15.51089484, 48.39121779], [15.51137507, 48.39145035], [15.51141358, 48.39146979], [15.51143169, 48.39147962], [15.51130348, 48.39159539], [15.51118033, 48.3917225], [15.511161, 48.39170936], [15.51068971, 48.39141958]]]}, "geometry_name": "geom", "properties": {"fs_kennung": 115602920.0, "snar_bezeichnung": "WEIN", "sl_flaeche_brutto_ha": 0.14636916, "inspire_id": "https://data.inspire.gv.at/0095/b2bd27c3-ccd9-4e5a-98ce-28deab1266f5/elu.ExistingLandUseObject/107375346/MFA-2025", "gml_id": "AT.0095.b2bd27c3-ccd9-4e5a-98ce-28deab1266f5.elu.ExistingLandUseObject.107375346.MFA-2025", "gml_identifier": "https://data.inspire.gv.at/0095/b2bd27c3-ccd9-4e5a-98ce-28deab1266f5/elu.ExistingLandUseObject/107375346/MFA-2025", "snar_code": "901", "geo_part_key": 18, "log_pkey": 3, "geom_date_created": "2022-10-01T20:52:59+02:00", "geo_type": "POLYGON", "gml_geom": "[B@2fe5fe6c", "gml_length": null, "kz_bio_oepul_jn": null, "fart_id": 1856, "geo_id": 107375346}, "bbox": [15.51068971, 48.39121779, 15.51143169, 48.3917225]}, {"type": "Feature", "id": "invekos_schlaege_2025_1_polygon.2640641", "geometry": {"type": "Polygon", "coordinates": [[[15.51066576, 48.39057318], [15.51077669, 48.39048014], [15.51090826, 48.39038311], [15.51119745, 48.39054851], [15.51143004, 48.39067231], [15.51129884, 48.39076519], [15.51118621, 48.39087239], [15.51066576, 48.39057318]]]}, "geometry_name": "geom", "properties": {"fs_kennung": 115539628.0, "snar_bezeichnung": "WEIN", "sl_flaeche_brutto_ha": 0.1406, "inspire_id": "https://data.inspire.gv.at/0095/b2bd27c3-ccd9-4e5a-98ce-28deab1266f5/elu.ExistingLandUseObject/107316704/MFA-2025", "gml_id": "AT.0095.b2bd27c3-ccd9-4e5a-98ce-28deab1266f5.elu.ExistingLandUseObject.107316704.MFA-2025", "gml_identifier": "https://data.inspire.gv.at/0095/b2bd27c3-ccd9-4e5a-98ce-28deab1266f5/elu.ExistingLandUseObject/107316704/MFA-2025", "snar_code": "901", "geo_part_key": 18, "log_pkey": 3, "geom_date_created": "2022-10-01T20:01:12+02:00", "geo_type": "POLYGON", "gml_geom": "[B@594a93ac", "gml_length": null, "kz_bio_oepul_jn": null, "fart_id": 1856, "geo_id": 107316704}, "bbox": [15.51066576, 48.39038311, 15.51143004, 48.39087239]}, {"type": "Feature", "id": "invekos_schlaege_2025_1_polygon.2655457", "geometry": {"type": "Polygon", "coordinates": [[[15.51330165, 48.39042098], [15.51343041, 48.39034083], [15.51418337, 48.39059771], [15.51478484, 48.39078949], [15.51467549, 48.39087179], [15.51444001, 48.39080483], [15.51379953, 48.39061388], [15.51330165, 48.39042098]]]}, "geometry_name": "geom", "properties": {"fs_kennung": 115602715.0, "snar_bezeichnung": "WEIN", "sl_flaeche_brutto_ha": 0.1486779, "inspire_id": "https://data.inspire.gv.at/0095/b2bd27c3-ccd9-4e5a-98ce-28deab1266f5/elu.ExistingLandUseObject/107456377/MFA-2025", "gml_id": "AT.0095.b2bd27c3-ccd9-4e5a-98ce-28deab1266f5.elu.ExistingLandUseObject.107456377.MFA-2025", "gml_identifier": "https://data.inspire.gv.at/0095/b2bd27c3-ccd9-4e5a-98ce-28deab1266f5/elu.ExistingLandUseObject/107456377/MFA-2025", "snar_code": "901", "geo_part_key": 18, "log_pkey": 3, "geom_date_created": "2022-10-01T21:59:34+02:00", "geo_type": "POLYGON", "gml_geom": "[B@1e105f41", "gml_length": null, "kz_bio_oepul_jn": null, "fart_id": 1856, "geo_id": 107456377}, "bbox": [15.51330165, 48.39034083, 15.51478484, 48.39087179]}, {"type": "Feature", "id": "invekos_schlaege_2025_1_polygon.2655458", "geometry": {"type": "Polygon", "coordinates": [[[15.510369, 48.38978397], [15.51029687, 48.38993856], [15.51028673, 48.38992561], [15.51021676, 48.3899486], [15.51017236, 48.38994331], [15.50939607, 48.38959982], [15.50950979, 48.38947334], [15.50955388, 48.38929435], [15.50969268, 48.38927628], [15.50980391, 48.38923849], [15.50997964, 48.38925051], [15.51014153, 48.38926738], [15.51024213, 48.38928854], [15.51024027, 48.38932799], [15.51022285, 48.38936988], [15.51023985, 48.3894304], [15.51029842, 48.38950939], [15.51036355, 48.38957378], [15.51030676, 48.38970774], [15.51027069, 48.38982368], [15.51016329, 48.38989767], [15.51027963, 48.38989821], [15.510369, 48.38978397]]]}, "geometry_name": "geom", "properties": {"fs_kennung": 115602725.0, "snar_bezeichnung": "WEIN", "sl_flaeche_brutto_ha": 0.35639269, "inspire_id": "https://data.inspire.gv.at/0095/b2bd27c3-ccd9-4e5a-98ce-28deab1266f5/elu.ExistingLandUseObject/107456379/MFA-2025", "gml_id": "AT.0095.b2bd27c3-ccd9-4e5a-98ce-28deab1266f5.elu.ExistingLandUseObject.107456379.MFA-2025", "gml_identifier": "https://data.inspire.gv.at/0095/b2bd27c3-ccd9-4e5a-98ce-28deab1266f5/elu.ExistingLandUseObject/107456379/MFA-2025", "snar_code": "901", "geo_part_key": 18, "log_pkey": 3, "geom_date_created": "2022-10-01T21:59:35+02:00", "geo_type": "POLYGON", "gml_geom": "[B@4fa7ef19", "gml_length": null, "kz_bio_oepul_jn": null, "fart_id": 1856, "geo_id": 107456379}, "bbox": [15.50939607, 48.38923849, 15.510369, 48.3899486]}, {"type": "Feature", "id": "invekos_schlaege_2025_1_polygon.2656031", "geometry": {"type": "Polygon", "coordinates": [[[15.51302689, 48.38902513], [15.51288821, 48.38897562], [15.5134184, 48.38836004], [15.51346886, 48.38829755], [15.51361165, 48.38836138], [15.51360921, 48.38836439], [15.51360112, 48.38835843], [15.51302689, 48.38902513]]]}, "geometry_name": "geom", "properties": {"fs_kennung": 115602812.0, "snar_bezeichnung": "WEIN", "sl_flaeche_brutto_ha": 0.1004893, "inspire_id": "https://data.inspire.gv.at/0095/b2bd27c3-ccd9-4e5a-98ce-28deab1266f5/elu.ExistingLandUseObject/107505902/MFA-2025", "gml_id": "AT.0095.b2bd27c3-ccd9-4e5a-98ce-28deab1266f5.elu.ExistingLandUseObject.107505902.MFA-2025", "gml_identifier": "https://data.inspire.gv.at/0095/b2bd27c3-ccd9-4e5a-98ce-28deab1266f5/elu.ExistingLandUseObject/107505902/MFA-2025", "snar_code": "901", "geo_part_key": 18, "log_pkey": 3, "geom_date_created": "2022-10-01T22:35:21+02:00", "geo_type": "POLYGON", "gml_geom": "[B@4f316e1f", "gml_length": null, "kz_bio_oepul_jn": null, "fart_id": 1856, "geo_id": 107505902}, "bbox": [15.51288821, 48.38829755, 15.51361165, 48.38902513]}, {"type": "Feature", "id": "invekos_schlaege_2025_1_polygon.2656033", "geometry": {"type": "Polygon", "coordinates": [[[15.51020052, 48.38851383], [15.51021354, 48.38847633], [15.51039619, 48.38834749], [15.5109243, 48.38837004], [15.51131749, 48.38840635], [15.51140985, 48.38840201], [15.51157435, 48.38841676], [15.51155166, 48.38852634], [15.51154129, 48.3886041], [15.5109942, 48.38855761], [15.51073356, 48.38853772], [15.51020052, 48.38851383]]]}, "geometry_name": "geom", "properties": {"fs_kennung": 115602818.0, "snar_bezeichnung": "WEIN", "sl_flaeche_brutto_ha": 0.18842454, "inspire_id": "https://data.inspire.gv.at/0095/b2bd27c3-ccd9-4e5a-98ce-28deab1266f5/elu.ExistingLandUseObject/107505911/MFA-2025", "gml_id": "AT.0095.b2bd27c3-ccd9-4e5a-98ce-28deab1266f5.elu.ExistingLandUseObject.107505911.MFA-2025", "gml_identifier": "https://data.inspire.gv.at/0095/b2bd27c3-ccd9-4e5a-98ce-28deab1266f5/elu.ExistingLandUseObject/107505911/MFA-2025", "snar_code": "901", "geo_part_key": 18, "log_pkey": 3, "geom_date_created": "2022-10-01T22:35:22+02:00", "geo_type": "POLYGON", "gml_geom": "[B@426b53a6", "gml_length": null, "kz_bio_oepul_jn": null, "fart_id": 1856, "geo_id": 107505911}, "bbox": [15.51020052, 48.38834749, 15.51157435, 48.3886041]}, {"type": "Feature", "id": "invekos_schlaege_2025_1_polygon.2663808", "geometry": {"type": "Polygon", "coordinates": [[[15.51159524, 48.38841574], [15.51167555, 48.38843323], [15.51178345, 48.38845444], [15.51191108, 48.38847275], [15.51194076, 48.3884461], [15.5121185, 48.38843199], [15.51194237, 48.38871243], [15.5118581, 48.38869078], [15.51165394, 48.38864213], [15.5115868, 48.38862952], [15.51153934, 48.38861889], [15.51154349, 48.38856977], [15.51155166, 48.38852634], [15.51156838, 48.3884741], [15.51159524, 48.38841574]]]}, "geometry_name": "geom", "properties": {"fs_kennung": 115601530.0, "snar_bezeichnung": "WEIN", "sl_flaeche_brutto_ha": 0.08907593, "inspire_id": "https://data.inspire.gv.at/0095/b2bd27c3-ccd9-4e5a-98ce-28deab1266f5/elu.ExistingLandUseObject/107411876/MFA-2025", "gml_id": "AT.0095.b2bd27c3-ccd9-4e5a-98ce-28deab1266f5.elu.ExistingLandUseObject.107411876.MFA-2025", "gml_identifier": "https://data.inspire.gv.at/0095/b2bd27c3-ccd9-4e5a-98ce-28deab1266f5/elu.ExistingLandUseObject/107411876/MFA-2025", "snar_code": "901", "geo_part_key": 18, "log_pkey": 3, "geom_date_created": "2022-10-01T21:26:17+02:00", "geo_type": "POLYGON", "gml_geom": "[B@5e9de6fd", "gml_length": null, "kz_bio_oepul_jn": null, "fart_id": 1856, "geo_id": 107411876}, "bbox": [15.51153934, 48.38841574, 15.5121185, 48.38871243]}, {"type": "Feature", "id": "invekos_schlaege_2025_1_polygon.2663809", "geometry": {"type": "Polygon", "coordinates": [[[15.51028494, 48.38854537], [15.51035205, 48.38854457], [15.51065412, 48.38855054], [15.51067053, 48.38856185], [15.51149344, 48.38891526], [15.51145571, 48.38907514], [15.51143079, 48.38911214], [15.5103498, 48.38864854], [15.51024068, 48.38860144], [15.5102377, 48.38858521], [15.51023456, 48.38856826], [15.51028494, 48.38854537]]]}, "geometry_name": "geom", "properties": {"fs_kennung": 115601534.0, "snar_bezeichnung": "WEIN", "sl_flaeche_brutto_ha": 0.19864796, "inspire_id": "https://data.inspire.gv.at/0095/b2bd27c3-ccd9-4e5a-98ce-28deab1266f5/elu.ExistingLandUseObject/107411885/MFA-2025", "gml_id": "AT.0095.b2bd27c3-ccd9-4e5a-98ce-28deab1266f5.elu.ExistingLandUseObject.107411885.MFA-2025", "gml_identifier": "https://data.inspire.gv.at/0095/b2bd27c3-ccd9-4e5a-98ce-28deab1266f5/elu.ExistingLandUseObject/107411885/MFA-2025", "snar_code": "901", "geo_part_key": 18, "log_pkey": 3, "geom_date_created": "2022-10-01T21:26:17+02:00", "geo_type": "POLYGON", "gml_geom": "[B@2e321510", "gml_length": null, "kz_bio_oepul_jn": null, "fart_id": 1856, "geo_id": 107411885}, "bbox": [15.51023456, 48.38854457, 15.51149344, 48.38911214]}, {"type": "Feature", "id": "invekos_schlaege_2025_1_polygon.2665655", "geometry": {"type": "Polygon", "coordinates": [[[15.51270071, 48.3883818], [15.51284498, 48.38839747], [15.51284031, 48.38841816], [15.51274284, 48.38852598], [15.51265169, 48.3886362], [15.51207874, 48.38849536], [15.5121185, 48.38843199], [15.51215822, 48.38842882], [15.51243857, 48.38840991], [15.51270071, 48.3883818]]]}, "geometry_name": "geom", "properties": {"fs_kennung": 115601530.0, "snar_bezeichnung": "WEIN", "sl_flaeche_brutto_ha": 0.09217146, "inspire_id": "https://data.inspire.gv.at/0095/b2bd27c3-ccd9-4e5a-98ce-28deab1266f5/elu.ExistingLandUseObject/107411879/MFA-2025", "gml_id": "AT.0095.b2bd27c3-ccd9-4e5a-98ce-28deab1266f5.elu.ExistingLandUseObject.107411879.MFA-2025", "gml_identifier": "https://data.inspire.gv.at/0095/b2bd27c3-ccd9-4e5a-98ce-28deab1266f5/elu.ExistingLandUseObject/107411879/MFA-2025", "snar_code": "901", "geo_part_key": 18, "log_pkey": 3, "geom_date_created": "2022-10-01T21:26:17+02:00", "geo_type": "POLYGON", "gml_geom": "[B@6a37c75f", "gml_length": null, "kz_bio_oepul_jn": null, "fart_id": 1856, "geo_id": 107411879}, "bbox": [15.51207874, 48.3883818, 15.51284498, 48.3886362]}, {"type": "Feature", "id": "invekos_schlaege_2025_1_polygon.2665656", "geometry": {"type": "Polygon", "coordinates": [[[15.5107946, 48.38855638], [15.51100059, 48.38857153], [15.51133089, 48.38862566], [15.51151842, 48.38869658], [15.51155333, 48.38872337], [15.51150606, 48.38886193], [15.51150421, 48.38886952], [15.5107946, 48.38855638]]]}, "geometry_name": "geom", "properties": {"fs_kennung": 115601534.0, "snar_bezeichnung": "WEIN", "sl_flaeche_brutto_ha": 0.06778246, "inspire_id": "https://data.inspire.gv.at/0095/b2bd27c3-ccd9-4e5a-98ce-28deab1266f5/elu.ExistingLandUseObject/107411887/MFA-2025", "gml_id": "AT.0095.b2bd27c3-ccd9-4e5a-98ce-28deab1266f5.elu.ExistingLandUseObject.107411887.MFA-2025", "gml_identifier": "https://data.inspire.gv.at/0095/b2bd27c3-ccd9-4e5a-98ce-28deab1266f5/elu.ExistingLandUseObject/107411887/MFA-2025", "snar_code": "901", "geo_part_key": 18, "log_pkey": 3, "geom_date_created": "2022-10-01T21:26:18+02:00", "geo_type": "POLYGON", "gml_geom": "[B@72d95fdc", "gml_length": null, "kz_bio_oepul_jn": null, "fart_id": 1856, "geo_id": 107411887}, "bbox": [15.5107946, 48.38855638, 15.51155333, 48.38886952]}, {"type": "Feature", "id": "invekos_schlaege_2025_1_polygon.2666118", "geometry": {"type": "Polygon", "coordinates": [[[15.51095833, 48.39028535], [15.51028733, 48.38995916], [15.51037854, 48.38976336], [15.5104031, 48.38974023], [15.51046988, 48.38956756], [15.51116232, 48.38987347], [15.51118283, 48.38988254], [15.51117562, 48.38996816], [15.5111511, 48.39004042], [15.51104708, 48.39016618], [15.51095833, 48.39028535]]]}, "geometry_name": "geom", "properties": {"fs_kennung": 115602725.0, "snar_bezeichnung": "WEIN", "sl_flaeche_brutto_ha": 0.28834142, "inspire_id": "https://data.inspire.gv.at/0095/b2bd27c3-ccd9-4e5a-98ce-28deab1266f5/elu.ExistingLandUseObject/107456382/MFA-2025", "gml_id": "AT.0095.b2bd27c3-ccd9-4e5a-98ce-28deab1266f5.elu.ExistingLandUseObject.107456382.MFA-2025", "gml_identifier": "https://data.inspire.gv.at/0095/b2bd27c3-ccd9-4e5a-98ce-28deab1266f5/elu.ExistingLandUseObject/107456382/MFA-2025", "snar_code": "901", "geo_part_key": 18, "log_pkey": 3, "geom_date_created": "2022-10-01T21:59:35+02:00", "geo_type": "POLYGON", "gml_geom": "[B@43c2f574", "gml_length": null, "kz_bio_oepul_jn": null, "fart_id": 1856, "geo_id": 107456382}, "bbox": [15.51028733, 48.38956756, 15.51118283, 48.39028535]}, {"type": "Feature", "id": "invekos_schlaege_2025_1_polygon.2666227", "geometry": {"type": "Polygon", "coordinates": [[[15.51207874, 48.38849536], [15.51265169, 48.3886362], [15.51260438, 48.38869342], [15.51251826, 48.3888013], [15.51247528, 48.38884907], [15.51194237, 48.38871243], [15.51207874, 48.38849536]]]}, "geometry_name": "geom", "properties": {"fs_kennung": 115601530.0, "snar_bezeichnung": "WEIN", "sl_flaeche_brutto_ha": 0.11593436, "inspire_id": "https://data.inspire.gv.at/0095/b2bd27c3-ccd9-4e5a-98ce-28deab1266f5/elu.ExistingLandUseObject/107411880/MFA-2025", "gml_id": "AT.0095.b2bd27c3-ccd9-4e5a-98ce-28deab1266f5.elu.ExistingLandUseObject.107411880.MFA-2025", "gml_identifier": "https://data.inspire.gv.at/0095/b2bd27c3-ccd9-4e5a-98ce-28deab1266f5/elu.ExistingLandUseObject/107411880/MFA-2025", "snar_code": "901", "geo_part_key": 18, "log_pkey": 3, "geom_date_created": "2022-10-01T21:26:17+02:00", "geo_type": "POLYGON", "gml_geom": "[B@7de6e289", "gml_length": null, "kz_bio_oepul_jn": null, "fart_id": 1856, "geo_id": 107411880}, "bbox": [15.51194237, 48.38849536, 15.51265169, 48.38884907]}, {"type": "Feature", "id": "invekos_schlaege_2025_1_polygon.2666228", "geometry": {"type": "Polygon", "coordinates": [[[15.51065412, 48.38855054], [15.51073836, 48.38855221], [15.5107946, 48.38855638], [15.51150421, 48.38886952], [15.51149344, 48.38891526], [15.51067053, 48.38856185], [15.51065412, 48.38855054]]]}, "geometry_name": "geom", "properties": {"fs_kennung": 115601534.0, "snar_bezeichnung": "WEIN", "sl_flaeche_brutto_ha": 0.03536433, "inspire_id": "https://data.inspire.gv.at/0095/b2bd27c3-ccd9-4e5a-98ce-28deab1266f5/elu.ExistingLandUseObject/107411889/MFA-2025", "gml_id": "AT.0095.b2bd27c3-ccd9-4e5a-98ce-28deab1266f5.elu.ExistingLandUseObject.107411889.MFA-2025", "gml_identifier": "https://data.inspire.gv.at/0095/b2bd27c3-ccd9-4e5a-98ce-28deab1266f5/elu.ExistingLandUseObject/107411889/MFA-2025", "snar_code": "901", "geo_part_key": 18, "log_pkey": 3, "geom_date_created": "2022-10-01T21:26:18+02:00", "geo_type": "POLYGON", "gml_geom": "[B@293fdf55", "gml_length": null, "kz_bio_oepul_jn": null, "fart_id": 1856, "geo_id": 107411889}, "bbox": [15.51065412, 48.38855054, 15.51150421, 48.38891526]}], "mlr1ilv": {"request": "https://gis.lfrz.gv.at/api/geodata/i009501/ogc/features/v1/collections/i009501:invekos_schlaege_2025_1_polygon/items?bbox=15.5052021484375,48.38435420778455,15.519845153808594,48.39109015961601&limit=100&startIndex=0&f=application%2Fgeo%2Bjson", "headers": {"content-type": "application/geo+json", "x-frame-options": "SAMEORIGIN", "content-security-policy": "base-uri 'self'; default-src 'none'; child-src 'self'; connect-src 'self'; font-src 'self'; img-src 'self' data:; style-src 'self' 'unsafe-inline'; script-src 'self'; form-action 'self'; frame-ancestors 'self';", "x-control-flow-delay-ms": "0", "api-version": "1.0.1", "link": "<https://gis.lfrz.gv.at/api/geodata/i009501/ogc/features/v1/collections/i009501%3Ainvekos_schlaege_2025_1_polygon/items?bbox=15.5052021484375%2C48.38435420778455%2C15.519845153808594%2C48.39109015961601&limit=100&startIndex=100&f=application%2Fgeo%2Bjson>; rel=\"next\"; type=\"application/geo+json\"", "content-crs": "<http://www.opengis.net/def/crs/OGC/1.3/CRS84>", "content-disposition": "inline; filename=invekos_schlaege_2025_1_polygon.json", "x-node": "C", "x-permitted-cross-domain-policies": "none", "date": "Wed, 30 Sep 2026 09:56:29 GMT", "content-length": "121262", "age": "0", "accept-ranges": "bytes", "x-content-type-options": "nosniff", "strict-transport-security": "max-age=63072000", "alt-svc": "h3=\":443\"; ma=2592000", "connection": "close"}, "first_page": {"type": "FeatureCollection", "numberMatched": 114, "numberReturned": 100, "timeStamp": "2026-09-30T09:56:29.670Z", "links": [{"title": "Next page", "type": "application/geo+json", "rel": "next", "href": "https://gis.lfrz.gv.at/api/geodata/i009501/ogc/features/v1/collections/i009501%3Ainvekos_schlaege_2025_1_polygon/items?bbox=15.5052021484375%2C48.38435420778455%2C15.519845153808594%2C48.39109015961601&limit=100&startIndex=100&f=application%2Fgeo%2Bjson"}, {"title": "This document as text/html", "type": "text/html", "rel": "alternate", "href": "https://gis.lfrz.gv.at/api/geodata/i009501/ogc/features/v1/collections/i009501%3Ainvekos_schlaege_2025_1_polygon/items?f=text%2Fhtml"}, {"title": "This document as application/vnd.google-earth.kml+xml", "type": "application/vnd.google-earth.kml+xml", "rel": "alternate", "href": "https://gis.lfrz.gv.at/api/geodata/i009501/ogc/features/v1/collections/i009501%3Ainvekos_schlaege_2025_1_polygon/items?f=application%2Fvnd.google-earth.kml%2Bxml"}, {"title": "This document as application/vnd.ogc.fg+json", "type": "application/vnd.ogc.fg+json", "rel": "alternate", "href": "https://gis.lfrz.gv.at/api/geodata/i009501/ogc/features/v1/collections/i009501%3Ainvekos_schlaege_2025_1_polygon/items?f=application%2Fvnd.ogc.fg%2Bjson"}, {"title": "This document", "type": "application/geo+json", "rel": "self", "href": "https://gis.lfrz.gv.at/api/geodata/i009501/ogc/features/v1/collections/i009501%3Ainvekos_schlaege_2025_1_polygon/items?f=application%2Fgeo%2Bjson"}, {"title": "This document as application/gml+xml;version=3.2", "type": "application/gml+xml;version=3.2", "rel": "alternate", "href": "https://gis.lfrz.gv.at/api/geodata/i009501/ogc/features/v1/collections/i009501%3Ainvekos_schlaege_2025_1_polygon/items?f=application%2Fgml%2Bxml%3Bversion%3D3.2"}, {"title": "This document as text/csv", "type": "text/csv", "rel": "alternate", "href": "https://gis.lfrz.gv.at/api/geodata/i009501/ogc/features/v1/collections/i009501%3Ainvekos_schlaege_2025_1_polygon/items?f=text%2Fcsv"}, {"title": "This document as application/json", "type": "application/json", "rel": "alternate", "href": "https://gis.lfrz.gv.at/api/geodata/i009501/ogc/features/v1/collections/i009501%3Ainvekos_schlaege_2025_1_polygon/items?f=application%2Fjson"}, {"title": "The collection description as application/json", "type": "application/json", "rel": "collection", "href": "https://gis.lfrz.gv.at/api/geodata/i009501/ogc/features/v1/collections/i009501%3Ainvekos_schlaege_2025_1_polygon?f=application%2Fjson"}, {"title": "The collection description as application/yaml", "type": "application/yaml", "rel": "collection", "href": "https://gis.lfrz.gv.at/api/geodata/i009501/ogc/features/v1/collections/i009501%3Ainvekos_schlaege_2025_1_polygon?f=application%2Fyaml"}, {"title": "The collection description as text/html", "type": "text/html", "rel": "collection", "href": "https://gis.lfrz.gv.at/api/geodata/i009501/ogc/features/v1/collections/i009501%3Ainvekos_schlaege_2025_1_polygon?f=text%2Fhtml"}]}, "storage_crs": "http://www.opengis.net/def/crs/EPSG/0/31287", "crs_offered": 7953, "crs_default": "http://www.opengis.net/def/crs/OGC/1.3/CRS84", "title": "INVEKOS Schläge 2025-1 (Polygon)", "licence": "https://creativecommons.org/licenses/by/4.0/"}}